filepath,group_id,label,source,device_type
data/processed\asthma_detection_v2\asthma\P10AsthmaIE_49.wav,asthma_P10AsthmaIE_49,Asthma,asthma_detection_v2,smartphone_mic
data/processed\asthma_detection_v2\asthma\P10AsthmaIU_46.wav,asthma_P10AsthmaIU_46,Asthma,asthma_detection_v2,smartphone_mic
data/processed\asthma_detection_v2\asthma\P10AsthmaIU_50.wav,asthma_P10AsthmaIU_50,Asthma,asthma_detection_v2,smartphone_mic
data/processed\asthma_detection_v2\asthma\P10AsthmaRS_48.wav,asthma_P10AsthmaRS_48,Asthma,asthma_detection_v2,smartphone_mic
data/processed\asthma_detection_v2\asthma\P11WheezingIU_54.wav,asthma_P11WheezingIU_54,Asthma,asthma_detection_v2,smartphone_mic
data/processed\asthma_detection_v2\asthma\P11WheezingRL_51.wav,asthma_P11WheezingRL_51,Asthma,asthma_detection_v2,smartphone_mic
data/processed\asthma_detection_v2\asthma\P12WheezingIE_57.wav,asthma_P12WheezingIE_57,Asthma,asthma_detection_v2,smartphone_mic
data/processed\asthma_detection_v2\asthma\P12WheezingIU_58.wav,asthma_P12WheezingIU_58,Asthma,asthma_detection_v2,smartphone_mic
data/processed\asthma_detection_v2\asthma\P12WheezingRL_59.wav,asthma_P12WheezingRL_59,Asthma,asthma_detection_v2,smartphone_mic
data/processed\asthma_detection_v2\asthma\P13WheezingIE_61.wav,asthma_P13WheezingIE_61,Asthma,asthma_detection_v2,smartphone_mic
data/processed\asthma_detection_v2\asthma\P13WheezingIE_65.wav,asthma_P13WheezingIE_65,Asthma,asthma_detection_v2,smartphone_mic
data/processed\asthma_detection_v2\asthma\P13WheezingIU_62.wav,asthma_P13WheezingIU_62,Asthma,asthma_detection_v2,smartphone_mic
data/processed\asthma_detection_v2\asthma\P13WheezingRL_63.wav,asthma_P13WheezingRL_63,Asthma,asthma_detection_v2,smartphone_mic
data/processed\asthma_detection_v2\asthma\P14WheezingIU_70.wav,asthma_P14WheezingIU_70,Asthma,asthma_detection_v2,smartphone_mic
data/processed\asthma_detection_v2\asthma\P15WheezingIE_73.wav,asthma_P15WheezingIE_73,Asthma,asthma_detection_v2,smartphone_mic
data/processed\asthma_detection_v2\asthma\P15WheezingIU_74.wav,asthma_P15WheezingIU_74,Asthma,asthma_detection_v2,smartphone_mic
data/processed\asthma_detection_v2\asthma\P15WheezingRL_71.wav,asthma_P15WheezingRL_71,Asthma,asthma_detection_v2,smartphone_mic
data/processed\asthma_detection_v2\asthma\P15WheezingRL_75.wav,asthma_P15WheezingRL_75,Asthma,asthma_detection_v2,smartphone_mic
data/processed\asthma_detection_v2\asthma\P15WheezingRS_72.wav,asthma_P15WheezingRS_72,Asthma,asthma_detection_v2,smartphone_mic
data/processed\asthma_detection_v2\asthma\P16WheezingIE_77.wav,asthma_P16WheezingIE_77,Asthma,asthma_detection_v2,smartphone_mic
data/processed\asthma_detection_v2\asthma\P16WheezingRL_79.wav,asthma_P16WheezingRL_79,Asthma,asthma_detection_v2,smartphone_mic
data/processed\asthma_detection_v2\asthma\P16WheezingRS_76.wav,asthma_P16WheezingRS_76,Asthma,asthma_detection_v2,smartphone_mic
data/processed\asthma_detection_v2\asthma\P16WheezingRS_80.wav,asthma_P16WheezingRS_80,Asthma,asthma_detection_v2,smartphone_mic
data/processed\asthma_detection_v2\asthma\P17WheezingIE_81.wav,asthma_P17WheezingIE_81,Asthma,asthma_detection_v2,smartphone_mic
data/processed\asthma_detection_v2\asthma\P17WheezingRL_83.wav,asthma_P17WheezingRL_83,Asthma,asthma_detection_v2,smartphone_mic
data/processed\asthma_detection_v2\asthma\P17WheezingRS_84.wav,asthma_P17WheezingRS_84,Asthma,asthma_detection_v2,smartphone_mic
data/processed\asthma_detection_v2\asthma\P18WheezingIE_89.wav,asthma_P18WheezingIE_89,Asthma,asthma_detection_v2,smartphone_mic
data/processed\asthma_detection_v2\asthma\P18WheezingIU_86.wav,asthma_P18WheezingIU_86,Asthma,asthma_detection_v2,smartphone_mic
data/processed\asthma_detection_v2\asthma\P18WheezingIU_90.wav,asthma_P18WheezingIU_90,Asthma,asthma_detection_v2,smartphone_mic
data/processed\asthma_detection_v2\asthma\P18WheezingRS_88.wav,asthma_P18WheezingRS_88,Asthma,asthma_detection_v2,smartphone_mic
data/processed\asthma_detection_v2\asthma\P19WheezingIE_93.wav,asthma_P19WheezingIE_93,Asthma,asthma_detection_v2,smartphone_mic
data/processed\asthma_detection_v2\asthma\P19WheezingIU_94.wav,asthma_P19WheezingIU_94,Asthma,asthma_detection_v2,smartphone_mic
data/processed\asthma_detection_v2\asthma\P19WheezingRL_91.wav,asthma_P19WheezingRL_91,Asthma,asthma_detection_v2,smartphone_mic
data/processed\asthma_detection_v2\asthma\P19WheezingRL_95.wav,asthma_P19WheezingRL_95,Asthma,asthma_detection_v2,smartphone_mic
data/processed\asthma_detection_v2\asthma\P19WheezingRS_92.wav,asthma_P19WheezingRS_92,Asthma,asthma_detection_v2,smartphone_mic
data/processed\asthma_detection_v2\asthma\P1AsthmaIE_1.wav,asthma_P1AsthmaIE_1,Asthma,asthma_detection_v2,smartphone_mic
data/processed\asthma_detection_v2\asthma\P1AsthmaRL_3.wav,asthma_P1AsthmaRL_3,Asthma,asthma_detection_v2,smartphone_mic
data/processed\asthma_detection_v2\asthma\P20WheezingIE_97.wav,asthma_P20WheezingIE_97,Asthma,asthma_detection_v2,smartphone_mic
data/processed\asthma_detection_v2\asthma\P20WheezingIU_98.wav,asthma_P20WheezingIU_98,Asthma,asthma_detection_v2,smartphone_mic
data/processed\asthma_detection_v2\asthma\P20WheezingRS_100.wav,asthma_P20WheezingRS_100,Asthma,asthma_detection_v2,smartphone_mic
data/processed\asthma_detection_v2\asthma\P21WheezingIE_101.wav,asthma_P21WheezingIE_101,Asthma,asthma_detection_v2,smartphone_mic
data/processed\asthma_detection_v2\asthma\P21WheezingIU_102.wav,asthma_P21WheezingIU_102,Asthma,asthma_detection_v2,smartphone_mic
data/processed\asthma_detection_v2\asthma\P21WheezingRL_103.wav,asthma_P21WheezingRL_103,Asthma,asthma_detection_v2,smartphone_mic
data/processed\asthma_detection_v2\asthma\P22WheezingIE_109.wav,asthma_P22WheezingIE_109,Asthma,asthma_detection_v2,smartphone_mic
data/processed\asthma_detection_v2\asthma\P22WheezingIU_110.wav,asthma_P22WheezingIU_110,Asthma,asthma_detection_v2,smartphone_mic
data/processed\asthma_detection_v2\asthma\P22WheezingRL_107.wav,asthma_P22WheezingRL_107,Asthma,asthma_detection_v2,smartphone_mic
data/processed\asthma_detection_v2\asthma\P22WheezingRS_108.wav,asthma_P22WheezingRS_108,Asthma,asthma_detection_v2,smartphone_mic
data/processed\asthma_detection_v2\asthma\P23WheezingIU_114.wav,asthma_P23WheezingIU_114,Asthma,asthma_detection_v2,smartphone_mic
data/processed\asthma_detection_v2\asthma\P23WheezingRL_111.wav,asthma_P23WheezingRL_111,Asthma,asthma_detection_v2,smartphone_mic
data/processed\asthma_detection_v2\asthma\P23WheezingRL_115.wav,asthma_P23WheezingRL_115,Asthma,asthma_detection_v2,smartphone_mic
data/processed\asthma_detection_v2\asthma\P23WheezingRS_112.wav,asthma_P23WheezingRS_112,Asthma,asthma_detection_v2,smartphone_mic
data/processed\asthma_detection_v2\asthma\P24WheezingIE_117.wav,asthma_P24WheezingIE_117,Asthma,asthma_detection_v2,smartphone_mic
data/processed\asthma_detection_v2\asthma\P24WheezingIU_118.wav,asthma_P24WheezingIU_118,Asthma,asthma_detection_v2,smartphone_mic
data/processed\asthma_detection_v2\asthma\P24WheezingRL_119.wav,asthma_P24WheezingRL_119,Asthma,asthma_detection_v2,smartphone_mic
data/processed\asthma_detection_v2\asthma\P24WheezingRS_116.wav,asthma_P24WheezingRS_116,Asthma,asthma_detection_v2,smartphone_mic
data/processed\asthma_detection_v2\asthma\P24WheezingRS_120.wav,asthma_P24WheezingRS_120,Asthma,asthma_detection_v2,smartphone_mic
data/processed\asthma_detection_v2\asthma\P25WheezingIE_125.wav,asthma_P25WheezingIE_125,Asthma,asthma_detection_v2,smartphone_mic
data/processed\asthma_detection_v2\asthma\P25WheezingIU_122.wav,asthma_P25WheezingIU_122,Asthma,asthma_detection_v2,smartphone_mic
data/processed\asthma_detection_v2\asthma\P25WheezingRL_123.wav,asthma_P25WheezingRL_123,Asthma,asthma_detection_v2,smartphone_mic
data/processed\asthma_detection_v2\asthma\P26WheezingIE_129.wav,asthma_P26WheezingIE_129,Asthma,asthma_detection_v2,smartphone_mic
data/processed\asthma_detection_v2\asthma\P26WheezingIU_126.wav,asthma_P26WheezingIU_126,Asthma,asthma_detection_v2,smartphone_mic
data/processed\asthma_detection_v2\asthma\P26WheezingIU_130.wav,asthma_P26WheezingIU_130,Asthma,asthma_detection_v2,smartphone_mic
data/processed\asthma_detection_v2\asthma\P26WheezingRS_128.wav,asthma_P26WheezingRS_128,Asthma,asthma_detection_v2,smartphone_mic
data/processed\asthma_detection_v2\asthma\P27WheezingIE_133.wav,asthma_P27WheezingIE_133,Asthma,asthma_detection_v2,smartphone_mic
data/processed\asthma_detection_v2\asthma\P27WheezingIU_134.wav,asthma_P27WheezingIU_134,Asthma,asthma_detection_v2,smartphone_mic
data/processed\asthma_detection_v2\asthma\P27WheezingRL_131.wav,asthma_P27WheezingRL_131,Asthma,asthma_detection_v2,smartphone_mic
data/processed\asthma_detection_v2\asthma\P27WheezingRL_135.wav,asthma_P27WheezingRL_135,Asthma,asthma_detection_v2,smartphone_mic
data/processed\asthma_detection_v2\asthma\P28WheezingIU_138.wav,asthma_P28WheezingIU_138,Asthma,asthma_detection_v2,smartphone_mic
data/processed\asthma_detection_v2\asthma\P28WheezingRS_136.wav,asthma_P28WheezingRS_136,Asthma,asthma_detection_v2,smartphone_mic
data/processed\asthma_detection_v2\asthma\P28WheezingRS_140.wav,asthma_P28WheezingRS_140,Asthma,asthma_detection_v2,smartphone_mic
data/processed\asthma_detection_v2\asthma\P29WheezingIE_141.wav,asthma_P29WheezingIE_141,Asthma,asthma_detection_v2,smartphone_mic
data/processed\asthma_detection_v2\asthma\P29WheezingIE_145.wav,asthma_P29WheezingIE_145,Asthma,asthma_detection_v2,smartphone_mic
data/processed\asthma_detection_v2\asthma\P29WheezingIU_142.wav,asthma_P29WheezingIU_142,Asthma,asthma_detection_v2,smartphone_mic
data/processed\asthma_detection_v2\asthma\P2AsthmaIU_6.wav,asthma_P2AsthmaIU_6,Asthma,asthma_detection_v2,smartphone_mic
data/processed\asthma_detection_v2\asthma\P2AsthmaRL_7.wav,asthma_P2AsthmaRL_7,Asthma,asthma_detection_v2,smartphone_mic
data/processed\asthma_detection_v2\asthma\P2AsthmaRS_8.wav,asthma_P2AsthmaRS_8,Asthma,asthma_detection_v2,smartphone_mic
data/processed\asthma_detection_v2\asthma\P30WheezingIE_149.wav,asthma_P30WheezingIE_149,Asthma,asthma_detection_v2,smartphone_mic
data/processed\asthma_detection_v2\asthma\P30WheezingIU_146.wav,asthma_P30WheezingIU_146,Asthma,asthma_detection_v2,smartphone_mic
data/processed\asthma_detection_v2\asthma\P30WheezingIU_150.wav,asthma_P30WheezingIU_150,Asthma,asthma_detection_v2,smartphone_mic
data/processed\asthma_detection_v2\asthma\P30WheezingRL_147.wav,asthma_P30WheezingRL_147,Asthma,asthma_detection_v2,smartphone_mic
data/processed\asthma_detection_v2\asthma\P30WheezingRS_148.wav,asthma_P30WheezingRS_148,Asthma,asthma_detection_v2,smartphone_mic
data/processed\asthma_detection_v2\asthma\P31WheezingIE_153.wav,asthma_P31WheezingIE_153,Asthma,asthma_detection_v2,smartphone_mic
data/processed\asthma_detection_v2\asthma\P31WheezingRL_155.wav,asthma_P31WheezingRL_155,Asthma,asthma_detection_v2,smartphone_mic
data/processed\asthma_detection_v2\asthma\P31WheezingRS_152.wav,asthma_P31WheezingRS_152,Asthma,asthma_detection_v2,smartphone_mic
data/processed\asthma_detection_v2\asthma\P32WheezingIE_157.wav,asthma_P32WheezingIE_157,Asthma,asthma_detection_v2,smartphone_mic
data/processed\asthma_detection_v2\asthma\P32WheezingIU_158.wav,asthma_P32WheezingIU_158,Asthma,asthma_detection_v2,smartphone_mic
data/processed\asthma_detection_v2\asthma\P32WheezingRL_159.wav,asthma_P32WheezingRL_159,Asthma,asthma_detection_v2,smartphone_mic
data/processed\asthma_detection_v2\asthma\P32WheezingRS_156.wav,asthma_P32WheezingRS_156,Asthma,asthma_detection_v2,smartphone_mic
data/processed\asthma_detection_v2\asthma\P32WheezingRS_160.wav,asthma_P32WheezingRS_160,Asthma,asthma_detection_v2,smartphone_mic
data/processed\asthma_detection_v2\asthma\P33WheezingIE_161.wav,asthma_P33WheezingIE_161,Asthma,asthma_detection_v2,smartphone_mic
data/processed\asthma_detection_v2\asthma\P33WheezingIE_165.wav,asthma_P33WheezingIE_165,Asthma,asthma_detection_v2,smartphone_mic
data/processed\asthma_detection_v2\asthma\P33WheezingRL_163.wav,asthma_P33WheezingRL_163,Asthma,asthma_detection_v2,smartphone_mic
data/processed\asthma_detection_v2\asthma\P34WheezingIE_169.wav,asthma_P34WheezingIE_169,Asthma,asthma_detection_v2,smartphone_mic
data/processed\asthma_detection_v2\asthma\P34WheezingIU_166.wav,asthma_P34WheezingIU_166,Asthma,asthma_detection_v2,smartphone_mic
data/processed\asthma_detection_v2\asthma\P34WheezingIU_170.wav,asthma_P34WheezingIU_170,Asthma,asthma_detection_v2,smartphone_mic
data/processed\asthma_detection_v2\asthma\P35WheezingIE_173.wav,asthma_P35WheezingIE_173,Asthma,asthma_detection_v2,smartphone_mic
data/processed\asthma_detection_v2\asthma\P35WheezingRL_171.wav,asthma_P35WheezingRL_171,Asthma,asthma_detection_v2,smartphone_mic
data/processed\asthma_detection_v2\asthma\P35WheezingRL_175.wav,asthma_P35WheezingRL_175,Asthma,asthma_detection_v2,smartphone_mic
data/processed\asthma_detection_v2\asthma\P36WheezingIU_178.wav,asthma_P36WheezingIU_178,Asthma,asthma_detection_v2,smartphone_mic
data/processed\asthma_detection_v2\asthma\P36WheezingRL_179.wav,asthma_P36WheezingRL_179,Asthma,asthma_detection_v2,smartphone_mic
data/processed\asthma_detection_v2\asthma\P36WheezingRS_176.wav,asthma_P36WheezingRS_176,Asthma,asthma_detection_v2,smartphone_mic
data/processed\asthma_detection_v2\asthma\P36WheezingRS_180.wav,asthma_P36WheezingRS_180,Asthma,asthma_detection_v2,smartphone_mic
data/processed\asthma_detection_v2\asthma\P37WheezingIE_181.wav,asthma_P37WheezingIE_181,Asthma,asthma_detection_v2,smartphone_mic
data/processed\asthma_detection_v2\asthma\P37WheezingRS_184.wav,asthma_P37WheezingRS_184,Asthma,asthma_detection_v2,smartphone_mic
data/processed\asthma_detection_v2\asthma\P38WheezingIE_189.wav,asthma_P38WheezingIE_189,Asthma,asthma_detection_v2,smartphone_mic
data/processed\asthma_detection_v2\asthma\P38WheezingIU_190.wav,asthma_P38WheezingIU_190,Asthma,asthma_detection_v2,smartphone_mic
data/processed\asthma_detection_v2\asthma\P38WheezingRL_187.wav,asthma_P38WheezingRL_187,Asthma,asthma_detection_v2,smartphone_mic
data/processed\asthma_detection_v2\asthma\P38WheezingRS_188.wav,asthma_P38WheezingRS_188,Asthma,asthma_detection_v2,smartphone_mic
data/processed\asthma_detection_v2\asthma\P39WheezingIE_193.wav,asthma_P39WheezingIE_193,Asthma,asthma_detection_v2,smartphone_mic
data/processed\asthma_detection_v2\asthma\P39WheezingRL_191.wav,asthma_P39WheezingRL_191,Asthma,asthma_detection_v2,smartphone_mic
data/processed\asthma_detection_v2\asthma\P39WheezingRL_195.wav,asthma_P39WheezingRL_195,Asthma,asthma_detection_v2,smartphone_mic
data/processed\asthma_detection_v2\asthma\P39WheezingRS_192.wav,asthma_P39WheezingRS_192,Asthma,asthma_detection_v2,smartphone_mic
data/processed\asthma_detection_v2\asthma\P3AsthmaIE_13.wav,asthma_P3AsthmaIE_13,Asthma,asthma_detection_v2,smartphone_mic
data/processed\asthma_detection_v2\asthma\P3AsthmaRL_11.wav,asthma_P3AsthmaRL_11,Asthma,asthma_detection_v2,smartphone_mic
data/processed\asthma_detection_v2\asthma\P3AsthmaRL_15.wav,asthma_P3AsthmaRL_15,Asthma,asthma_detection_v2,smartphone_mic
data/processed\asthma_detection_v2\asthma\P3AsthmaRS_12.wav,asthma_P3AsthmaRS_12,Asthma,asthma_detection_v2,smartphone_mic
data/processed\asthma_detection_v2\asthma\P40WheezingIE_197.wav,asthma_P40WheezingIE_197,Asthma,asthma_detection_v2,smartphone_mic
data/processed\asthma_detection_v2\asthma\P40WheezingRL_199.wav,asthma_P40WheezingRL_199,Asthma,asthma_detection_v2,smartphone_mic
data/processed\asthma_detection_v2\asthma\P40WheezingRS_196.wav,asthma_P40WheezingRS_196,Asthma,asthma_detection_v2,smartphone_mic
data/processed\asthma_detection_v2\asthma\P40WheezingRS_200.wav,asthma_P40WheezingRS_200,Asthma,asthma_detection_v2,smartphone_mic
data/processed\asthma_detection_v2\asthma\P41WheezingIE_201.wav,asthma_P41WheezingIE_201,Asthma,asthma_detection_v2,smartphone_mic
data/processed\asthma_detection_v2\asthma\P41WheezingRS_204.wav,asthma_P41WheezingRS_204,Asthma,asthma_detection_v2,smartphone_mic
data/processed\asthma_detection_v2\asthma\P42WheezingIE_209.wav,asthma_P42WheezingIE_209,Asthma,asthma_detection_v2,smartphone_mic
data/processed\asthma_detection_v2\asthma\P42WheezingIU_206.wav,asthma_P42WheezingIU_206,Asthma,asthma_detection_v2,smartphone_mic
data/processed\asthma_detection_v2\asthma\P42WheezingIU_210.wav,asthma_P42WheezingIU_210,Asthma,asthma_detection_v2,smartphone_mic
data/processed\asthma_detection_v2\asthma\P42WheezingRL_207.wav,asthma_P42WheezingRL_207,Asthma,asthma_detection_v2,smartphone_mic
data/processed\asthma_detection_v2\asthma\P43WheezingIE_213.wav,asthma_P43WheezingIE_213,Asthma,asthma_detection_v2,smartphone_mic
data/processed\asthma_detection_v2\asthma\P43WheezingIU_214.wav,asthma_P43WheezingIU_214,Asthma,asthma_detection_v2,smartphone_mic
data/processed\asthma_detection_v2\asthma\P43WheezingRL_215.wav,asthma_P43WheezingRL_215,Asthma,asthma_detection_v2,smartphone_mic
data/processed\asthma_detection_v2\asthma\P43WheezingRS_212.wav,asthma_P43WheezingRS_212,Asthma,asthma_detection_v2,smartphone_mic
data/processed\asthma_detection_v2\asthma\P44WheezingRL_219.wav,asthma_P44WheezingRL_219,Asthma,asthma_detection_v2,smartphone_mic
data/processed\asthma_detection_v2\asthma\P44WheezingRS_220.wav,asthma_P44WheezingRS_220,Asthma,asthma_detection_v2,smartphone_mic
data/processed\asthma_detection_v2\asthma\P45WheezingIE_225.wav,asthma_P45WheezingIE_225,Asthma,asthma_detection_v2,smartphone_mic
data/processed\asthma_detection_v2\asthma\P45WheezingRL_223.wav,asthma_P45WheezingRL_223,Asthma,asthma_detection_v2,smartphone_mic
data/processed\asthma_detection_v2\asthma\P46WheezingIE_229.wav,asthma_P46WheezingIE_229,Asthma,asthma_detection_v2,smartphone_mic
data/processed\asthma_detection_v2\asthma\P46WheezingIU_226.wav,asthma_P46WheezingIU_226,Asthma,asthma_detection_v2,smartphone_mic
data/processed\asthma_detection_v2\asthma\P46WheezingIU_230.wav,asthma_P46WheezingIU_230,Asthma,asthma_detection_v2,smartphone_mic
data/processed\asthma_detection_v2\asthma\P46WheezingRL_227.wav,asthma_P46WheezingRL_227,Asthma,asthma_detection_v2,smartphone_mic
data/processed\asthma_detection_v2\asthma\P46WheezingRS_228.wav,asthma_P46WheezingRS_228,Asthma,asthma_detection_v2,smartphone_mic
data/processed\asthma_detection_v2\asthma\P47WheezingIE_233.wav,asthma_P47WheezingIE_233,Asthma,asthma_detection_v2,smartphone_mic
data/processed\asthma_detection_v2\asthma\P47WheezingRL_231.wav,asthma_P47WheezingRL_231,Asthma,asthma_detection_v2,smartphone_mic
data/processed\asthma_detection_v2\asthma\P47WheezingRS_232.wav,asthma_P47WheezingRS_232,Asthma,asthma_detection_v2,smartphone_mic
data/processed\asthma_detection_v2\asthma\P48WheezingIU_238.wav,asthma_P48WheezingIU_238,Asthma,asthma_detection_v2,smartphone_mic
data/processed\asthma_detection_v2\asthma\P48WheezingRL_239.wav,asthma_P48WheezingRL_239,Asthma,asthma_detection_v2,smartphone_mic
data/processed\asthma_detection_v2\asthma\P48WheezingRS_236.wav,asthma_P48WheezingRS_236,Asthma,asthma_detection_v2,smartphone_mic
data/processed\asthma_detection_v2\asthma\P49WheezingIE_241.wav,asthma_P49WheezingIE_241,Asthma,asthma_detection_v2,smartphone_mic
data/processed\asthma_detection_v2\asthma\P49WheezingIE_245.wav,asthma_P49WheezingIE_245,Asthma,asthma_detection_v2,smartphone_mic
data/processed\asthma_detection_v2\asthma\P49WheezingIU_242.wav,asthma_P49WheezingIU_242,Asthma,asthma_detection_v2,smartphone_mic
data/processed\asthma_detection_v2\asthma\P49WheezingRS_244.wav,asthma_P49WheezingRS_244,Asthma,asthma_detection_v2,smartphone_mic
data/processed\asthma_detection_v2\asthma\P4AsthmaIU_18.wav,asthma_P4AsthmaIU_18,Asthma,asthma_detection_v2,smartphone_mic
data/processed\asthma_detection_v2\asthma\P4AsthmaRL_19.wav,asthma_P4AsthmaRL_19,Asthma,asthma_detection_v2,smartphone_mic
data/processed\asthma_detection_v2\asthma\P4AsthmaRS_16.wav,asthma_P4AsthmaRS_16,Asthma,asthma_detection_v2,smartphone_mic
data/processed\asthma_detection_v2\asthma\P4AsthmaRS_20.wav,asthma_P4AsthmaRS_20,Asthma,asthma_detection_v2,smartphone_mic
data/processed\asthma_detection_v2\asthma\P50WheezingIE_249.wav,asthma_P50WheezingIE_249,Asthma,asthma_detection_v2,smartphone_mic
data/processed\asthma_detection_v2\asthma\P50WheezingIU_246.wav,asthma_P50WheezingIU_246,Asthma,asthma_detection_v2,smartphone_mic
data/processed\asthma_detection_v2\asthma\P50WheezingIU_250.wav,asthma_P50WheezingIU_250,Asthma,asthma_detection_v2,smartphone_mic
data/processed\asthma_detection_v2\asthma\P51WheezingIE_253.wav,asthma_P51WheezingIE_253,Asthma,asthma_detection_v2,smartphone_mic
data/processed\asthma_detection_v2\asthma\P51WheezingIU_254.wav,asthma_P51WheezingIU_254,Asthma,asthma_detection_v2,smartphone_mic
data/processed\asthma_detection_v2\asthma\P51WheezingRL_251.wav,asthma_P51WheezingRL_251,Asthma,asthma_detection_v2,smartphone_mic
data/processed\asthma_detection_v2\asthma\P51WheezingRS_252.wav,asthma_P51WheezingRS_252,Asthma,asthma_detection_v2,smartphone_mic
data/processed\asthma_detection_v2\asthma\P52WheezingIE_257.wav,asthma_P52WheezingIE_257,Asthma,asthma_detection_v2,smartphone_mic
data/processed\asthma_detection_v2\asthma\P52WheezingRL_259.wav,asthma_P52WheezingRL_259,Asthma,asthma_detection_v2,smartphone_mic
data/processed\asthma_detection_v2\asthma\P52WheezingRS_256.wav,asthma_P52WheezingRS_256,Asthma,asthma_detection_v2,smartphone_mic
data/processed\asthma_detection_v2\asthma\P52WheezingRS_260.wav,asthma_P52WheezingRS_260,Asthma,asthma_detection_v2,smartphone_mic
data/processed\asthma_detection_v2\asthma\P53WheezingIE_261.wav,asthma_P53WheezingIE_261,Asthma,asthma_detection_v2,smartphone_mic
data/processed\asthma_detection_v2\asthma\P53WheezingIE_265.wav,asthma_P53WheezingIE_265,Asthma,asthma_detection_v2,smartphone_mic
data/processed\asthma_detection_v2\asthma\P53WheezingRS_264.wav,asthma_P53WheezingRS_264,Asthma,asthma_detection_v2,smartphone_mic
data/processed\asthma_detection_v2\asthma\P54WheezingIE_269.wav,asthma_P54WheezingIE_269,Asthma,asthma_detection_v2,smartphone_mic
data/processed\asthma_detection_v2\asthma\P54WheezingIU_266.wav,asthma_P54WheezingIU_266,Asthma,asthma_detection_v2,smartphone_mic
data/processed\asthma_detection_v2\asthma\P54WheezingRL_267.wav,asthma_P54WheezingRL_267,Asthma,asthma_detection_v2,smartphone_mic
data/processed\asthma_detection_v2\asthma\P54WheezingRS_268.wav,asthma_P54WheezingRS_268,Asthma,asthma_detection_v2,smartphone_mic
data/processed\asthma_detection_v2\asthma\P55WheezingIE_273.wav,asthma_P55WheezingIE_273,Asthma,asthma_detection_v2,smartphone_mic
data/processed\asthma_detection_v2\asthma\P55WheezingRL_271.wav,asthma_P55WheezingRL_271,Asthma,asthma_detection_v2,smartphone_mic
data/processed\asthma_detection_v2\asthma\P55WheezingRS_272.wav,asthma_P55WheezingRS_272,Asthma,asthma_detection_v2,smartphone_mic
data/processed\asthma_detection_v2\asthma\P56WheezingIU_278.wav,asthma_P56WheezingIU_278,Asthma,asthma_detection_v2,smartphone_mic
data/processed\asthma_detection_v2\asthma\P56WheezingRS_280.wav,asthma_P56WheezingRS_280,Asthma,asthma_detection_v2,smartphone_mic
data/processed\asthma_detection_v2\asthma\P57WheezingIE_281.wav,asthma_P57WheezingIE_281,Asthma,asthma_detection_v2,smartphone_mic
data/processed\asthma_detection_v2\asthma\P57WheezingIE_285.wav,asthma_P57WheezingIE_285,Asthma,asthma_detection_v2,smartphone_mic
data/processed\asthma_detection_v2\asthma\P58WheezingIU_286.wav,asthma_P58WheezingIU_286,Asthma,asthma_detection_v2,smartphone_mic
data/processed\asthma_detection_v2\asthma\P58WheezingRL_287.wav,asthma_P58WheezingRL_287,Asthma,asthma_detection_v2,smartphone_mic
data/processed\asthma_detection_v2\asthma\P5AsthmaIE_21.wav,asthma_P5AsthmaIE_21,Asthma,asthma_detection_v2,smartphone_mic
data/processed\asthma_detection_v2\asthma\P5AsthmaIE_25.wav,asthma_P5AsthmaIE_25,Asthma,asthma_detection_v2,smartphone_mic
data/processed\asthma_detection_v2\asthma\P5AsthmaIU_22.wav,asthma_P5AsthmaIU_22,Asthma,asthma_detection_v2,smartphone_mic
data/processed\asthma_detection_v2\asthma\P5AsthmaRL_23.wav,asthma_P5AsthmaRL_23,Asthma,asthma_detection_v2,smartphone_mic
data/processed\asthma_detection_v2\asthma\P6AsthmaIU_26.wav,asthma_P6AsthmaIU_26,Asthma,asthma_detection_v2,smartphone_mic
data/processed\asthma_detection_v2\asthma\P6AsthmaRL_27.wav,asthma_P6AsthmaRL_27,Asthma,asthma_detection_v2,smartphone_mic
data/processed\asthma_detection_v2\asthma\P7AsthmaRL_31.wav,asthma_P7AsthmaRL_31,Asthma,asthma_detection_v2,smartphone_mic
data/processed\asthma_detection_v2\asthma\P7AsthmaRL_35.wav,asthma_P7AsthmaRL_35,Asthma,asthma_detection_v2,smartphone_mic
data/processed\asthma_detection_v2\asthma\P7AsthmaRS_32.wav,asthma_P7AsthmaRS_32,Asthma,asthma_detection_v2,smartphone_mic
data/processed\asthma_detection_v2\asthma\P8AsthmaIU_38.wav,asthma_P8AsthmaIU_38,Asthma,asthma_detection_v2,smartphone_mic
data/processed\asthma_detection_v2\asthma\P8AsthmaRS_36.wav,asthma_P8AsthmaRS_36,Asthma,asthma_detection_v2,smartphone_mic
data/processed\asthma_detection_v2\asthma\P8AsthmaRS_40.wav,asthma_P8AsthmaRS_40,Asthma,asthma_detection_v2,smartphone_mic
data/processed\asthma_detection_v2\asthma\P9AsthmaIE_41.wav,asthma_P9AsthmaIE_41,Asthma,asthma_detection_v2,smartphone_mic
data/processed\asthma_detection_v2\asthma\P9AsthmaIE_45.wav,asthma_P9AsthmaIE_45,Asthma,asthma_detection_v2,smartphone_mic
data/processed\asthma_detection_v2\asthma\P9AsthmaIU_42.wav,asthma_P9AsthmaIU_42,Asthma,asthma_detection_v2,smartphone_mic
data/processed\asthma_detection_v2\asthma\P9AsthmaRL_43.wav,asthma_P9AsthmaRL_43,Asthma,asthma_detection_v2,smartphone_mic
data/processed\asthma_detection_v2\asthma\P9AsthmaRS_44.wav,asthma_P9AsthmaRS_44,Asthma,asthma_detection_v2,smartphone_mic
data/processed\asthma_detection_v2\Bronchial\P10BronchialSc_46.wav,Bronchial_P10BronchialSc_46,Bronchial,asthma_detection_v2,smartphone_mic
data/processed\asthma_detection_v2\Bronchial\P10BronchialSc_48.wav,Bronchial_P10BronchialSc_48,Bronchial,asthma_detection_v2,smartphone_mic
data/processed\asthma_detection_v2\Bronchial\P10BronchialTc_49.wav,Bronchial_P10BronchialTc_49,Bronchial,asthma_detection_v2,smartphone_mic
data/processed\asthma_detection_v2\Bronchial\P11BronchialSc_52.wav,Bronchial_P11BronchialSc_52,Bronchial,asthma_detection_v2,smartphone_mic
data/processed\asthma_detection_v2\Bronchial\P11BronchialSc_54.wav,Bronchial_P11BronchialSc_54,Bronchial,asthma_detection_v2,smartphone_mic
data/processed\asthma_detection_v2\Bronchial\P11BronchialTc_51.wav,Bronchial_P11BronchialTc_51,Bronchial,asthma_detection_v2,smartphone_mic
data/processed\asthma_detection_v2\Bronchial\P11BronchialTc_53.wav,Bronchial_P11BronchialTc_53,Bronchial,asthma_detection_v2,smartphone_mic
data/processed\asthma_detection_v2\Bronchial\P11BronchialTc_55.wav,Bronchial_P11BronchialTc_55,Bronchial,asthma_detection_v2,smartphone_mic
data/processed\asthma_detection_v2\Bronchial\P12BronchialSc_58.wav,Bronchial_P12BronchialSc_58,Bronchial,asthma_detection_v2,smartphone_mic
data/processed\asthma_detection_v2\Bronchial\P12BronchialSc_60.wav,Bronchial_P12BronchialSc_60,Bronchial,asthma_detection_v2,smartphone_mic
data/processed\asthma_detection_v2\Bronchial\P12BronchialTc_57.wav,Bronchial_P12BronchialTc_57,Bronchial,asthma_detection_v2,smartphone_mic
data/processed\asthma_detection_v2\Bronchial\P12BronchialTc_59.wav,Bronchial_P12BronchialTc_59,Bronchial,asthma_detection_v2,smartphone_mic
data/processed\asthma_detection_v2\Bronchial\P13BronchialSc_62.wav,Bronchial_P13BronchialSc_62,Bronchial,asthma_detection_v2,smartphone_mic
data/processed\asthma_detection_v2\Bronchial\P13BronchialSc_64.wav,Bronchial_P13BronchialSc_64,Bronchial,asthma_detection_v2,smartphone_mic
data/processed\asthma_detection_v2\Bronchial\P13BronchialTc_61.wav,Bronchial_P13BronchialTc_61,Bronchial,asthma_detection_v2,smartphone_mic
data/processed\asthma_detection_v2\Bronchial\P13BronchialTc_63.wav,Bronchial_P13BronchialTc_63,Bronchial,asthma_detection_v2,smartphone_mic
data/processed\asthma_detection_v2\Bronchial\P13BronchialTc_65.wav,Bronchial_P13BronchialTc_65,Bronchial,asthma_detection_v2,smartphone_mic
data/processed\asthma_detection_v2\Bronchial\P14BronchialSc_66.wav,Bronchial_P14BronchialSc_66,Bronchial,asthma_detection_v2,smartphone_mic
data/processed\asthma_detection_v2\Bronchial\P14BronchialSc_68.wav,Bronchial_P14BronchialSc_68,Bronchial,asthma_detection_v2,smartphone_mic
data/processed\asthma_detection_v2\Bronchial\P14BronchialSc_70.wav,Bronchial_P14BronchialSc_70,Bronchial,asthma_detection_v2,smartphone_mic
data/processed\asthma_detection_v2\Bronchial\P15BronchialSc_72.wav,Bronchial_P15BronchialSc_72,Bronchial,asthma_detection_v2,smartphone_mic
data/processed\asthma_detection_v2\Bronchial\P15BronchialTc_71.wav,Bronchial_P15BronchialTc_71,Bronchial,asthma_detection_v2,smartphone_mic
data/processed\asthma_detection_v2\Bronchial\P15BronchialTc_73.wav,Bronchial_P15BronchialTc_73,Bronchial,asthma_detection_v2,smartphone_mic
data/processed\asthma_detection_v2\Bronchial\P15BronchialTc_75.wav,Bronchial_P15BronchialTc_75,Bronchial,asthma_detection_v2,smartphone_mic
data/processed\asthma_detection_v2\Bronchial\P16BronchialSc_76.wav,Bronchial_P16BronchialSc_76,Bronchial,asthma_detection_v2,smartphone_mic
data/processed\asthma_detection_v2\Bronchial\P16BronchialTc_77.wav,Bronchial_P16BronchialTc_77,Bronchial,asthma_detection_v2,smartphone_mic
data/processed\asthma_detection_v2\Bronchial\P16BronchialTc_79.wav,Bronchial_P16BronchialTc_79,Bronchial,asthma_detection_v2,smartphone_mic
data/processed\asthma_detection_v2\Bronchial\P17BronchialSc_82.wav,Bronchial_P17BronchialSc_82,Bronchial,asthma_detection_v2,smartphone_mic
data/processed\asthma_detection_v2\Bronchial\P17BronchialSc_84.wav,Bronchial_P17BronchialSc_84,Bronchial,asthma_detection_v2,smartphone_mic
data/processed\asthma_detection_v2\Bronchial\P17BronchialTc_81.wav,Bronchial_P17BronchialTc_81,Bronchial,asthma_detection_v2,smartphone_mic
data/processed\asthma_detection_v2\Bronchial\P17BronchialTc_83.wav,Bronchial_P17BronchialTc_83,Bronchial,asthma_detection_v2,smartphone_mic
data/processed\asthma_detection_v2\Bronchial\P17BronchialTc_85.wav,Bronchial_P17BronchialTc_85,Bronchial,asthma_detection_v2,smartphone_mic
data/processed\asthma_detection_v2\Bronchial\P18BronchialSc_88.wav,Bronchial_P18BronchialSc_88,Bronchial,asthma_detection_v2,smartphone_mic
data/processed\asthma_detection_v2\Bronchial\P18BronchialSc_90.wav,Bronchial_P18BronchialSc_90,Bronchial,asthma_detection_v2,smartphone_mic
data/processed\asthma_detection_v2\Bronchial\P19BronchialSc_92.wav,Bronchial_P19BronchialSc_92,Bronchial,asthma_detection_v2,smartphone_mic
data/processed\asthma_detection_v2\Bronchial\P19BronchialSc_94.wav,Bronchial_P19BronchialSc_94,Bronchial,asthma_detection_v2,smartphone_mic
data/processed\asthma_detection_v2\Bronchial\P19BronchialTc_93.wav,Bronchial_P19BronchialTc_93,Bronchial,asthma_detection_v2,smartphone_mic
data/processed\asthma_detection_v2\Bronchial\P1BronchialSc_2.wav,Bronchial_P1BronchialSc_2,Bronchial,asthma_detection_v2,smartphone_mic
data/processed\asthma_detection_v2\Bronchial\P1BronchialTc_1.wav,Bronchial_P1BronchialTc_1,Bronchial,asthma_detection_v2,smartphone_mic
data/processed\asthma_detection_v2\Bronchial\P1BronchialTc_3.wav,Bronchial_P1BronchialTc_3,Bronchial,asthma_detection_v2,smartphone_mic
data/processed\asthma_detection_v2\Bronchial\P20BronchialSc_100.wav,Bronchial_P20BronchialSc_100,Bronchial,asthma_detection_v2,smartphone_mic
data/processed\asthma_detection_v2\Bronchial\P20BronchialSc_98.wav,Bronchial_P20BronchialSc_98,Bronchial,asthma_detection_v2,smartphone_mic
data/processed\asthma_detection_v2\Bronchial\P20BronchialTc_99.wav,Bronchial_P20BronchialTc_99,Bronchial,asthma_detection_v2,smartphone_mic
data/processed\asthma_detection_v2\Bronchial\P21BronchialSc_102.wav,Bronchial_P21BronchialSc_102,Bronchial,asthma_detection_v2,smartphone_mic
data/processed\asthma_detection_v2\Bronchial\P21BronchialSc_104.wav,Bronchial_P21BronchialSc_104,Bronchial,asthma_detection_v2,smartphone_mic
data/processed\asthma_detection_v2\Bronchial\P2BronchialSc_10.wav,Bronchial_P2BronchialSc_10,Bronchial,asthma_detection_v2,smartphone_mic
data/processed\asthma_detection_v2\Bronchial\P2BronchialSc_6.wav,Bronchial_P2BronchialSc_6,Bronchial,asthma_detection_v2,smartphone_mic
data/processed\asthma_detection_v2\Bronchial\P2BronchialSc_8.wav,Bronchial_P2BronchialSc_8,Bronchial,asthma_detection_v2,smartphone_mic
data/processed\asthma_detection_v2\Bronchial\P2BronchialTc_9.wav,Bronchial_P2BronchialTc_9,Bronchial,asthma_detection_v2,smartphone_mic
data/processed\asthma_detection_v2\Bronchial\P3BronchialSc_12.wav,Bronchial_P3BronchialSc_12,Bronchial,asthma_detection_v2,smartphone_mic
data/processed\asthma_detection_v2\Bronchial\P3BronchialTc_11.wav,Bronchial_P3BronchialTc_11,Bronchial,asthma_detection_v2,smartphone_mic
data/processed\asthma_detection_v2\Bronchial\P3BronchialTc_15.wav,Bronchial_P3BronchialTc_15,Bronchial,asthma_detection_v2,smartphone_mic
data/processed\asthma_detection_v2\Bronchial\P4BronchialSc_16.wav,Bronchial_P4BronchialSc_16,Bronchial,asthma_detection_v2,smartphone_mic
data/processed\asthma_detection_v2\Bronchial\P5BronchialSc_22.wav,Bronchial_P5BronchialSc_22,Bronchial,asthma_detection_v2,smartphone_mic
data/processed\asthma_detection_v2\Bronchial\P5BronchialSc_24.wav,Bronchial_P5BronchialSc_24,Bronchial,asthma_detection_v2,smartphone_mic
data/processed\asthma_detection_v2\Bronchial\P5BronchialTc_25.wav,Bronchial_P5BronchialTc_25,Bronchial,asthma_detection_v2,smartphone_mic
data/processed\asthma_detection_v2\Bronchial\P6BronchialSc_28.wav,Bronchial_P6BronchialSc_28,Bronchial,asthma_detection_v2,smartphone_mic
data/processed\asthma_detection_v2\Bronchial\P6BronchialTc_27.wav,Bronchial_P6BronchialTc_27,Bronchial,asthma_detection_v2,smartphone_mic
data/processed\asthma_detection_v2\Bronchial\P6BronchialTc_29.wav,Bronchial_P6BronchialTc_29,Bronchial,asthma_detection_v2,smartphone_mic
data/processed\asthma_detection_v2\Bronchial\P7BronchialSc_34.wav,Bronchial_P7BronchialSc_34,Bronchial,asthma_detection_v2,smartphone_mic
data/processed\asthma_detection_v2\Bronchial\P7BronchialTc_31.wav,Bronchial_P7BronchialTc_31,Bronchial,asthma_detection_v2,smartphone_mic
data/processed\asthma_detection_v2\Bronchial\P7BronchialTc_33.wav,Bronchial_P7BronchialTc_33,Bronchial,asthma_detection_v2,smartphone_mic
data/processed\asthma_detection_v2\Bronchial\P7BronchialTc_35.wav,Bronchial_P7BronchialTc_35,Bronchial,asthma_detection_v2,smartphone_mic
data/processed\asthma_detection_v2\Bronchial\P8BronchialSc_36.wav,Bronchial_P8BronchialSc_36,Bronchial,asthma_detection_v2,smartphone_mic
data/processed\asthma_detection_v2\Bronchial\P8BronchialSc_38.wav,Bronchial_P8BronchialSc_38,Bronchial,asthma_detection_v2,smartphone_mic
data/processed\asthma_detection_v2\Bronchial\P8BronchialSc_40.wav,Bronchial_P8BronchialSc_40,Bronchial,asthma_detection_v2,smartphone_mic
data/processed\asthma_detection_v2\Bronchial\P8BronchialTc_37.wav,Bronchial_P8BronchialTc_37,Bronchial,asthma_detection_v2,smartphone_mic
data/processed\asthma_detection_v2\Bronchial\P8BronchialTc_39.wav,Bronchial_P8BronchialTc_39,Bronchial,asthma_detection_v2,smartphone_mic
data/processed\asthma_detection_v2\Bronchial\P9BronchialSc_44.wav,Bronchial_P9BronchialSc_44,Bronchial,asthma_detection_v2,smartphone_mic
data/processed\asthma_detection_v2\Bronchial\P9BronchialTc_45.wav,Bronchial_P9BronchialTc_45,Bronchial,asthma_detection_v2,smartphone_mic
data/processed\asthma_detection_v2\copd\P10COPDMc_78.wav,copd_P10COPDMc_78,COPD,asthma_detection_v2,smartphone_mic
data/processed\asthma_detection_v2\copd\P10COPDMc_80.wav,copd_P10COPDMc_80,COPD,asthma_detection_v2,smartphone_mic
data/processed\asthma_detection_v2\copd\P10COPDPr_75.wav,copd_P10COPDPr_75,COPD,asthma_detection_v2,smartphone_mic
data/processed\asthma_detection_v2\copd\P10COPDPr_79.wav,copd_P10COPDPr_79,COPD,asthma_detection_v2,smartphone_mic
data/processed\asthma_detection_v2\copd\P11COPDMc_84.wav,copd_P11COPDMc_84,COPD,asthma_detection_v2,smartphone_mic
data/processed\asthma_detection_v2\copd\P11COPDMc_86.wav,copd_P11COPDMc_86,COPD,asthma_detection_v2,smartphone_mic
data/processed\asthma_detection_v2\copd\P11COPDMc_88.wav,copd_P11COPDMc_88,COPD,asthma_detection_v2,smartphone_mic
data/processed\asthma_detection_v2\copd\P11COPDPr_81.wav,copd_P11COPDPr_81,COPD,asthma_detection_v2,smartphone_mic
data/processed\asthma_detection_v2\copd\P11COPDPr_85.wav,copd_P11COPDPr_85,COPD,asthma_detection_v2,smartphone_mic
data/processed\asthma_detection_v2\copd\P11COPDPr_87.wav,copd_P11COPDPr_87,COPD,asthma_detection_v2,smartphone_mic
data/processed\asthma_detection_v2\copd\P12COPDMc_90.wav,copd_P12COPDMc_90,COPD,asthma_detection_v2,smartphone_mic
data/processed\asthma_detection_v2\copd\P12COPDPr_89.wav,copd_P12COPDPr_89,COPD,asthma_detection_v2,smartphone_mic
data/processed\asthma_detection_v2\copd\P12COPDPr_91.wav,copd_P12COPDPr_91,COPD,asthma_detection_v2,smartphone_mic
data/processed\asthma_detection_v2\copd\P12COPDPr_93.wav,copd_P12COPDPr_93,COPD,asthma_detection_v2,smartphone_mic
data/processed\asthma_detection_v2\copd\P13COPDMc_100.wav,copd_P13COPDMc_100,COPD,asthma_detection_v2,smartphone_mic
data/processed\asthma_detection_v2\copd\P13COPDMc_102.wav,copd_P13COPDMc_102,COPD,asthma_detection_v2,smartphone_mic
data/processed\asthma_detection_v2\copd\P13COPDMc_104.wav,copd_P13COPDMc_104,COPD,asthma_detection_v2,smartphone_mic
data/processed\asthma_detection_v2\copd\P13COPDPr_101.wav,copd_P13COPDPr_101,COPD,asthma_detection_v2,smartphone_mic
data/processed\asthma_detection_v2\copd\P13COPDPr_97.wav,copd_P13COPDPr_97,COPD,asthma_detection_v2,smartphone_mic
data/processed\asthma_detection_v2\copd\P14COPDMc_110.wav,copd_P14COPDMc_110,COPD,asthma_detection_v2,smartphone_mic
data/processed\asthma_detection_v2\copd\P14COPDMc_112.wav,copd_P14COPDMc_112,COPD,asthma_detection_v2,smartphone_mic
data/processed\asthma_detection_v2\copd\P14COPDPr_111.wav,copd_P14COPDPr_111,COPD,asthma_detection_v2,smartphone_mic
data/processed\asthma_detection_v2\copd\P15COPDMc_114.wav,copd_P15COPDMc_114,COPD,asthma_detection_v2,smartphone_mic
data/processed\asthma_detection_v2\copd\P15COPDMc_118.wav,copd_P15COPDMc_118,COPD,asthma_detection_v2,smartphone_mic
data/processed\asthma_detection_v2\copd\P15COPDPr_113.wav,copd_P15COPDPr_113,COPD,asthma_detection_v2,smartphone_mic
data/processed\asthma_detection_v2\copd\P15COPDPr_115.wav,copd_P15COPDPr_115,COPD,asthma_detection_v2,smartphone_mic
data/processed\asthma_detection_v2\copd\P16COPDMc_124.wav,copd_P16COPDMc_124,COPD,asthma_detection_v2,smartphone_mic
data/processed\asthma_detection_v2\copd\P16COPDMc_126.wav,copd_P16COPDMc_126,COPD,asthma_detection_v2,smartphone_mic
data/processed\asthma_detection_v2\copd\P16COPDMc_128.wav,copd_P16COPDMc_128,COPD,asthma_detection_v2,smartphone_mic
data/processed\asthma_detection_v2\copd\P16COPDPr_121.wav,copd_P16COPDPr_121,COPD,asthma_detection_v2,smartphone_mic
data/processed\asthma_detection_v2\copd\P16COPDPr_123.wav,copd_P16COPDPr_123,COPD,asthma_detection_v2,smartphone_mic
data/processed\asthma_detection_v2\copd\P16COPDPr_125.wav,copd_P16COPDPr_125,COPD,asthma_detection_v2,smartphone_mic
data/processed\asthma_detection_v2\copd\P17COPDMc_130.wav,copd_P17COPDMc_130,COPD,asthma_detection_v2,smartphone_mic
data/processed\asthma_detection_v2\copd\P17COPDMc_132.wav,copd_P17COPDMc_132,COPD,asthma_detection_v2,smartphone_mic
data/processed\asthma_detection_v2\copd\P17COPDMc_136.wav,copd_P17COPDMc_136,COPD,asthma_detection_v2,smartphone_mic
data/processed\asthma_detection_v2\copd\P17COPDPr_129.wav,copd_P17COPDPr_129,COPD,asthma_detection_v2,smartphone_mic
data/processed\asthma_detection_v2\copd\P17COPDPr_131.wav,copd_P17COPDPr_131,COPD,asthma_detection_v2,smartphone_mic
data/processed\asthma_detection_v2\copd\P17COPDPr_133.wav,copd_P17COPDPr_133,COPD,asthma_detection_v2,smartphone_mic
data/processed\asthma_detection_v2\copd\P17COPDPr_135.wav,copd_P17COPDPr_135,COPD,asthma_detection_v2,smartphone_mic
data/processed\asthma_detection_v2\copd\P18COPDMc_138.wav,copd_P18COPDMc_138,COPD,asthma_detection_v2,smartphone_mic
data/processed\asthma_detection_v2\copd\P18COPDMc_140.wav,copd_P18COPDMc_140,COPD,asthma_detection_v2,smartphone_mic
data/processed\asthma_detection_v2\copd\P18COPDMc_144.wav,copd_P18COPDMc_144,COPD,asthma_detection_v2,smartphone_mic
data/processed\asthma_detection_v2\copd\P19COPDMc_146.wav,copd_P19COPDMc_146,COPD,asthma_detection_v2,smartphone_mic
data/processed\asthma_detection_v2\copd\P19COPDMc_148.wav,copd_P19COPDMc_148,COPD,asthma_detection_v2,smartphone_mic
data/processed\asthma_detection_v2\copd\P19COPDMc_150.wav,copd_P19COPDMc_150,COPD,asthma_detection_v2,smartphone_mic
data/processed\asthma_detection_v2\copd\P19COPDMc_152.wav,copd_P19COPDMc_152,COPD,asthma_detection_v2,smartphone_mic
data/processed\asthma_detection_v2\copd\P19COPDPr_145.wav,copd_P19COPDPr_145,COPD,asthma_detection_v2,smartphone_mic
data/processed\asthma_detection_v2\copd\P19COPDPr_147.wav,copd_P19COPDPr_147,COPD,asthma_detection_v2,smartphone_mic
data/processed\asthma_detection_v2\copd\P19COPDPr_149.wav,copd_P19COPDPr_149,COPD,asthma_detection_v2,smartphone_mic
data/processed\asthma_detection_v2\copd\P19COPDPr_151.wav,copd_P19COPDPr_151,COPD,asthma_detection_v2,smartphone_mic
data/processed\asthma_detection_v2\copd\P1COPDMc_4.wav,copd_P1COPDMc_4,COPD,asthma_detection_v2,smartphone_mic
data/processed\asthma_detection_v2\copd\P1COPDMc_6.wav,copd_P1COPDMc_6,COPD,asthma_detection_v2,smartphone_mic
data/processed\asthma_detection_v2\copd\P1COPDMc_8.wav,copd_P1COPDMc_8,COPD,asthma_detection_v2,smartphone_mic
data/processed\asthma_detection_v2\copd\P1COPDPr_3.wav,copd_P1COPDPr_3,COPD,asthma_detection_v2,smartphone_mic
data/processed\asthma_detection_v2\copd\P1COPDPr_5.wav,copd_P1COPDPr_5,COPD,asthma_detection_v2,smartphone_mic
data/processed\asthma_detection_v2\copd\P20COPDMc_154.wav,copd_P20COPDMc_154,COPD,asthma_detection_v2,smartphone_mic
data/processed\asthma_detection_v2\copd\P20COPDMc_158.wav,copd_P20COPDMc_158,COPD,asthma_detection_v2,smartphone_mic
data/processed\asthma_detection_v2\copd\P20COPDMc_160.wav,copd_P20COPDMc_160,COPD,asthma_detection_v2,smartphone_mic
data/processed\asthma_detection_v2\copd\P20COPDPr_153.wav,copd_P20COPDPr_153,COPD,asthma_detection_v2,smartphone_mic
data/processed\asthma_detection_v2\copd\P20COPDPr_159.wav,copd_P20COPDPr_159,COPD,asthma_detection_v2,smartphone_mic
data/processed\asthma_detection_v2\copd\P21COPDMc_162.wav,copd_P21COPDMc_162,COPD,asthma_detection_v2,smartphone_mic
data/processed\asthma_detection_v2\copd\P21COPDMc_164.wav,copd_P21COPDMc_164,COPD,asthma_detection_v2,smartphone_mic
data/processed\asthma_detection_v2\copd\P21COPDMc_168.wav,copd_P21COPDMc_168,COPD,asthma_detection_v2,smartphone_mic
data/processed\asthma_detection_v2\copd\P21COPDPr_161.wav,copd_P21COPDPr_161,COPD,asthma_detection_v2,smartphone_mic
data/processed\asthma_detection_v2\copd\P21COPDPr_163.wav,copd_P21COPDPr_163,COPD,asthma_detection_v2,smartphone_mic
data/processed\asthma_detection_v2\copd\P22COPDMc_170.wav,copd_P22COPDMc_170,COPD,asthma_detection_v2,smartphone_mic
data/processed\asthma_detection_v2\copd\P22COPDMc_176.wav,copd_P22COPDMc_176,COPD,asthma_detection_v2,smartphone_mic
data/processed\asthma_detection_v2\copd\P22COPDPr_169.wav,copd_P22COPDPr_169,COPD,asthma_detection_v2,smartphone_mic
data/processed\asthma_detection_v2\copd\P22COPDPr_171.wav,copd_P22COPDPr_171,COPD,asthma_detection_v2,smartphone_mic
data/processed\asthma_detection_v2\copd\P22COPDPr_173.wav,copd_P22COPDPr_173,COPD,asthma_detection_v2,smartphone_mic
data/processed\asthma_detection_v2\copd\P22COPDPr_175.wav,copd_P22COPDPr_175,COPD,asthma_detection_v2,smartphone_mic
data/processed\asthma_detection_v2\copd\P23COPDMc_178.wav,copd_P23COPDMc_178,COPD,asthma_detection_v2,smartphone_mic
data/processed\asthma_detection_v2\copd\P23COPDMc_180.wav,copd_P23COPDMc_180,COPD,asthma_detection_v2,smartphone_mic
data/processed\asthma_detection_v2\copd\P23COPDMc_182.wav,copd_P23COPDMc_182,COPD,asthma_detection_v2,smartphone_mic
data/processed\asthma_detection_v2\copd\P23COPDMc_184.wav,copd_P23COPDMc_184,COPD,asthma_detection_v2,smartphone_mic
data/processed\asthma_detection_v2\copd\P23COPDPr_177.wav,copd_P23COPDPr_177,COPD,asthma_detection_v2,smartphone_mic
data/processed\asthma_detection_v2\copd\P23COPDPr_179.wav,copd_P23COPDPr_179,COPD,asthma_detection_v2,smartphone_mic
data/processed\asthma_detection_v2\copd\P24COPDMc_188.wav,copd_P24COPDMc_188,COPD,asthma_detection_v2,smartphone_mic
data/processed\asthma_detection_v2\copd\P24COPDMc_190.wav,copd_P24COPDMc_190,COPD,asthma_detection_v2,smartphone_mic
data/processed\asthma_detection_v2\copd\P24COPDPr_187.wav,copd_P24COPDPr_187,COPD,asthma_detection_v2,smartphone_mic
data/processed\asthma_detection_v2\copd\P24COPDPr_189.wav,copd_P24COPDPr_189,COPD,asthma_detection_v2,smartphone_mic
data/processed\asthma_detection_v2\copd\P25COPDMc_196.wav,copd_P25COPDMc_196,COPD,asthma_detection_v2,smartphone_mic
data/processed\asthma_detection_v2\copd\P25COPDMc_198.wav,copd_P25COPDMc_198,COPD,asthma_detection_v2,smartphone_mic
data/processed\asthma_detection_v2\copd\P25COPDMc_200.wav,copd_P25COPDMc_200,COPD,asthma_detection_v2,smartphone_mic
data/processed\asthma_detection_v2\copd\P25COPDPr_193.wav,copd_P25COPDPr_193,COPD,asthma_detection_v2,smartphone_mic
data/processed\asthma_detection_v2\copd\P25COPDPr_195.wav,copd_P25COPDPr_195,COPD,asthma_detection_v2,smartphone_mic
data/processed\asthma_detection_v2\copd\P25COPDPr_197.wav,copd_P25COPDPr_197,COPD,asthma_detection_v2,smartphone_mic
data/processed\asthma_detection_v2\copd\P26COPDMc_202.wav,copd_P26COPDMc_202,COPD,asthma_detection_v2,smartphone_mic
data/processed\asthma_detection_v2\copd\P26COPDMc_204.wav,copd_P26COPDMc_204,COPD,asthma_detection_v2,smartphone_mic
data/processed\asthma_detection_v2\copd\P26COPDMc_206.wav,copd_P26COPDMc_206,COPD,asthma_detection_v2,smartphone_mic
data/processed\asthma_detection_v2\copd\P26COPDMc_208.wav,copd_P26COPDMc_208,COPD,asthma_detection_v2,smartphone_mic
data/processed\asthma_detection_v2\copd\P26COPDPr_201.wav,copd_P26COPDPr_201,COPD,asthma_detection_v2,smartphone_mic
data/processed\asthma_detection_v2\copd\P26COPDPr_205.wav,copd_P26COPDPr_205,COPD,asthma_detection_v2,smartphone_mic
data/processed\asthma_detection_v2\copd\P26COPDPr_207.wav,copd_P26COPDPr_207,COPD,asthma_detection_v2,smartphone_mic
data/processed\asthma_detection_v2\copd\P27COPDMc_210.wav,copd_P27COPDMc_210,COPD,asthma_detection_v2,smartphone_mic
data/processed\asthma_detection_v2\copd\P27COPDMc_214.wav,copd_P27COPDMc_214,COPD,asthma_detection_v2,smartphone_mic
data/processed\asthma_detection_v2\copd\P27COPDMc_216.wav,copd_P27COPDMc_216,COPD,asthma_detection_v2,smartphone_mic
data/processed\asthma_detection_v2\copd\P27COPDPr_209.wav,copd_P27COPDPr_209,COPD,asthma_detection_v2,smartphone_mic
data/processed\asthma_detection_v2\copd\P27COPDPr_211.wav,copd_P27COPDPr_211,COPD,asthma_detection_v2,smartphone_mic
data/processed\asthma_detection_v2\copd\P28COPDMc_218.wav,copd_P28COPDMc_218,COPD,asthma_detection_v2,smartphone_mic
data/processed\asthma_detection_v2\copd\P28COPDMc_222.wav,copd_P28COPDMc_222,COPD,asthma_detection_v2,smartphone_mic
data/processed\asthma_detection_v2\copd\P28COPDMc_224.wav,copd_P28COPDMc_224,COPD,asthma_detection_v2,smartphone_mic
data/processed\asthma_detection_v2\copd\P28COPDPr_217.wav,copd_P28COPDPr_217,COPD,asthma_detection_v2,smartphone_mic
data/processed\asthma_detection_v2\copd\P28COPDPr_219.wav,copd_P28COPDPr_219,COPD,asthma_detection_v2,smartphone_mic
data/processed\asthma_detection_v2\copd\P28COPDPr_221.wav,copd_P28COPDPr_221,COPD,asthma_detection_v2,smartphone_mic
data/processed\asthma_detection_v2\copd\P28COPDPr_223.wav,copd_P28COPDPr_223,COPD,asthma_detection_v2,smartphone_mic
data/processed\asthma_detection_v2\copd\P29COPDMc_226.wav,copd_P29COPDMc_226,COPD,asthma_detection_v2,smartphone_mic
data/processed\asthma_detection_v2\copd\P29COPDMc_232.wav,copd_P29COPDMc_232,COPD,asthma_detection_v2,smartphone_mic
data/processed\asthma_detection_v2\copd\P29COPDPr_225.wav,copd_P29COPDPr_225,COPD,asthma_detection_v2,smartphone_mic
data/processed\asthma_detection_v2\copd\P29COPDPr_227.wav,copd_P29COPDPr_227,COPD,asthma_detection_v2,smartphone_mic
data/processed\asthma_detection_v2\copd\P29COPDPr_229.wav,copd_P29COPDPr_229,COPD,asthma_detection_v2,smartphone_mic
data/processed\asthma_detection_v2\copd\P29COPDPr_231.wav,copd_P29COPDPr_231,COPD,asthma_detection_v2,smartphone_mic
data/processed\asthma_detection_v2\copd\P2COPDMc_10.wav,copd_P2COPDMc_10,COPD,asthma_detection_v2,smartphone_mic
data/processed\asthma_detection_v2\copd\P2COPDMc_12.wav,copd_P2COPDMc_12,COPD,asthma_detection_v2,smartphone_mic
data/processed\asthma_detection_v2\copd\P2COPDMc_14.wav,copd_P2COPDMc_14,COPD,asthma_detection_v2,smartphone_mic
data/processed\asthma_detection_v2\copd\P2COPDMc_16.wav,copd_P2COPDMc_16,COPD,asthma_detection_v2,smartphone_mic
data/processed\asthma_detection_v2\copd\P2COPDPr_11.wav,copd_P2COPDPr_11,COPD,asthma_detection_v2,smartphone_mic
data/processed\asthma_detection_v2\copd\P2COPDPr_13.wav,copd_P2COPDPr_13,COPD,asthma_detection_v2,smartphone_mic
data/processed\asthma_detection_v2\copd\P2COPDPr_15.wav,copd_P2COPDPr_15,COPD,asthma_detection_v2,smartphone_mic
data/processed\asthma_detection_v2\copd\P2COPDPr_9.wav,copd_P2COPDPr_9,COPD,asthma_detection_v2,smartphone_mic
data/processed\asthma_detection_v2\copd\P30COPDMc_234.wav,copd_P30COPDMc_234,COPD,asthma_detection_v2,smartphone_mic
data/processed\asthma_detection_v2\copd\P30COPDMc_236.wav,copd_P30COPDMc_236,COPD,asthma_detection_v2,smartphone_mic
data/processed\asthma_detection_v2\copd\P30COPDPr_233.wav,copd_P30COPDPr_233,COPD,asthma_detection_v2,smartphone_mic
data/processed\asthma_detection_v2\copd\P30COPDPr_237.wav,copd_P30COPDPr_237,COPD,asthma_detection_v2,smartphone_mic
data/processed\asthma_detection_v2\copd\P30COPDPr_239.wav,copd_P30COPDPr_239,COPD,asthma_detection_v2,smartphone_mic
data/processed\asthma_detection_v2\copd\P31COPDMc_244.wav,copd_P31COPDMc_244,COPD,asthma_detection_v2,smartphone_mic
data/processed\asthma_detection_v2\copd\P31COPDMc_246.wav,copd_P31COPDMc_246,COPD,asthma_detection_v2,smartphone_mic
data/processed\asthma_detection_v2\copd\P31COPDMc_248.wav,copd_P31COPDMc_248,COPD,asthma_detection_v2,smartphone_mic
data/processed\asthma_detection_v2\copd\P31COPDPr_241.wav,copd_P31COPDPr_241,COPD,asthma_detection_v2,smartphone_mic
data/processed\asthma_detection_v2\copd\P31COPDPr_243.wav,copd_P31COPDPr_243,COPD,asthma_detection_v2,smartphone_mic
data/processed\asthma_detection_v2\copd\P31COPDPr_245.wav,copd_P31COPDPr_245,COPD,asthma_detection_v2,smartphone_mic
data/processed\asthma_detection_v2\copd\P32COPDMc_256.wav,copd_P32COPDMc_256,COPD,asthma_detection_v2,smartphone_mic
data/processed\asthma_detection_v2\copd\P32COPDPr_251.wav,copd_P32COPDPr_251,COPD,asthma_detection_v2,smartphone_mic
data/processed\asthma_detection_v2\copd\P32COPDPr_253.wav,copd_P32COPDPr_253,COPD,asthma_detection_v2,smartphone_mic
data/processed\asthma_detection_v2\copd\P33COPDMc_258.wav,copd_P33COPDMc_258,COPD,asthma_detection_v2,smartphone_mic
data/processed\asthma_detection_v2\copd\P33COPDMc_260.wav,copd_P33COPDMc_260,COPD,asthma_detection_v2,smartphone_mic
data/processed\asthma_detection_v2\copd\P33COPDMc_264.wav,copd_P33COPDMc_264,COPD,asthma_detection_v2,smartphone_mic
data/processed\asthma_detection_v2\copd\P33COPDPr_261.wav,copd_P33COPDPr_261,COPD,asthma_detection_v2,smartphone_mic
data/processed\asthma_detection_v2\copd\P33COPDPr_263.wav,copd_P33COPDPr_263,COPD,asthma_detection_v2,smartphone_mic
data/processed\asthma_detection_v2\copd\P34COPDMc_266.wav,copd_P34COPDMc_266,COPD,asthma_detection_v2,smartphone_mic
data/processed\asthma_detection_v2\copd\P34COPDMc_270.wav,copd_P34COPDMc_270,COPD,asthma_detection_v2,smartphone_mic
data/processed\asthma_detection_v2\copd\P34COPDMc_272.wav,copd_P34COPDMc_272,COPD,asthma_detection_v2,smartphone_mic
data/processed\asthma_detection_v2\copd\P34COPDPr_265.wav,copd_P34COPDPr_265,COPD,asthma_detection_v2,smartphone_mic
data/processed\asthma_detection_v2\copd\P34COPDPr_267.wav,copd_P34COPDPr_267,COPD,asthma_detection_v2,smartphone_mic
data/processed\asthma_detection_v2\copd\P34COPDPr_271.wav,copd_P34COPDPr_271,COPD,asthma_detection_v2,smartphone_mic
data/processed\asthma_detection_v2\copd\P35COPDMc_274.wav,copd_P35COPDMc_274,COPD,asthma_detection_v2,smartphone_mic
data/processed\asthma_detection_v2\copd\P35COPDMc_278.wav,copd_P35COPDMc_278,COPD,asthma_detection_v2,smartphone_mic
data/processed\asthma_detection_v2\copd\P35COPDMc_280.wav,copd_P35COPDMc_280,COPD,asthma_detection_v2,smartphone_mic
data/processed\asthma_detection_v2\copd\P35COPDPr_273.wav,copd_P35COPDPr_273,COPD,asthma_detection_v2,smartphone_mic
data/processed\asthma_detection_v2\copd\P35COPDPr_275.wav,copd_P35COPDPr_275,COPD,asthma_detection_v2,smartphone_mic
data/processed\asthma_detection_v2\copd\P35COPDPr_277.wav,copd_P35COPDPr_277,COPD,asthma_detection_v2,smartphone_mic
data/processed\asthma_detection_v2\copd\P36COPDMc_282.wav,copd_P36COPDMc_282,COPD,asthma_detection_v2,smartphone_mic
data/processed\asthma_detection_v2\copd\P36COPDMc_284.wav,copd_P36COPDMc_284,COPD,asthma_detection_v2,smartphone_mic
data/processed\asthma_detection_v2\copd\P36COPDMc_286.wav,copd_P36COPDMc_286,COPD,asthma_detection_v2,smartphone_mic
data/processed\asthma_detection_v2\copd\P36COPDMc_288.wav,copd_P36COPDMc_288,COPD,asthma_detection_v2,smartphone_mic
data/processed\asthma_detection_v2\copd\P36COPDPr_285.wav,copd_P36COPDPr_285,COPD,asthma_detection_v2,smartphone_mic
data/processed\asthma_detection_v2\copd\P36COPDPr_287.wav,copd_P36COPDPr_287,COPD,asthma_detection_v2,smartphone_mic
data/processed\asthma_detection_v2\copd\P37COPDMc_290.wav,copd_P37COPDMc_290,COPD,asthma_detection_v2,smartphone_mic
data/processed\asthma_detection_v2\copd\P37COPDMc_292.wav,copd_P37COPDMc_292,COPD,asthma_detection_v2,smartphone_mic
data/processed\asthma_detection_v2\copd\P37COPDMc_294.wav,copd_P37COPDMc_294,COPD,asthma_detection_v2,smartphone_mic
data/processed\asthma_detection_v2\copd\P37COPDMc_296.wav,copd_P37COPDMc_296,COPD,asthma_detection_v2,smartphone_mic
data/processed\asthma_detection_v2\copd\P37COPDPr_289.wav,copd_P37COPDPr_289,COPD,asthma_detection_v2,smartphone_mic
data/processed\asthma_detection_v2\copd\P37COPDPr_295.wav,copd_P37COPDPr_295,COPD,asthma_detection_v2,smartphone_mic
data/processed\asthma_detection_v2\copd\P38COPDMc_298.wav,copd_P38COPDMc_298,COPD,asthma_detection_v2,smartphone_mic
data/processed\asthma_detection_v2\copd\P38COPDMc_300.wav,copd_P38COPDMc_300,COPD,asthma_detection_v2,smartphone_mic
data/processed\asthma_detection_v2\copd\P38COPDMc_302.wav,copd_P38COPDMc_302,COPD,asthma_detection_v2,smartphone_mic
data/processed\asthma_detection_v2\copd\P38COPDPr_303.wav,copd_P38COPDPr_303,COPD,asthma_detection_v2,smartphone_mic
data/processed\asthma_detection_v2\copd\P39COPDMc_308.wav,copd_P39COPDMc_308,COPD,asthma_detection_v2,smartphone_mic
data/processed\asthma_detection_v2\copd\P39COPDMc_310.wav,copd_P39COPDMc_310,COPD,asthma_detection_v2,smartphone_mic
data/processed\asthma_detection_v2\copd\P39COPDPr_307.wav,copd_P39COPDPr_307,COPD,asthma_detection_v2,smartphone_mic
data/processed\asthma_detection_v2\copd\P39COPDPr_309.wav,copd_P39COPDPr_309,COPD,asthma_detection_v2,smartphone_mic
data/processed\asthma_detection_v2\copd\P39COPDPr_311.wav,copd_P39COPDPr_311,COPD,asthma_detection_v2,smartphone_mic
data/processed\asthma_detection_v2\copd\P3COPDMc_18.wav,copd_P3COPDMc_18,COPD,asthma_detection_v2,smartphone_mic
data/processed\asthma_detection_v2\copd\P3COPDMc_20.wav,copd_P3COPDMc_20,COPD,asthma_detection_v2,smartphone_mic
data/processed\asthma_detection_v2\copd\P3COPDMc_24.wav,copd_P3COPDMc_24,COPD,asthma_detection_v2,smartphone_mic
data/processed\asthma_detection_v2\copd\P3COPDPr_17.wav,copd_P3COPDPr_17,COPD,asthma_detection_v2,smartphone_mic
data/processed\asthma_detection_v2\copd\P3COPDPr_19.wav,copd_P3COPDPr_19,COPD,asthma_detection_v2,smartphone_mic
data/processed\asthma_detection_v2\copd\P3COPDPr_23.wav,copd_P3COPDPr_23,COPD,asthma_detection_v2,smartphone_mic
data/processed\asthma_detection_v2\copd\P40COPDMc_314.wav,copd_P40COPDMc_314,COPD,asthma_detection_v2,smartphone_mic
data/processed\asthma_detection_v2\copd\P40COPDMc_316.wav,copd_P40COPDMc_316,COPD,asthma_detection_v2,smartphone_mic
data/processed\asthma_detection_v2\copd\P40COPDMc_320.wav,copd_P40COPDMc_320,COPD,asthma_detection_v2,smartphone_mic
data/processed\asthma_detection_v2\copd\P40COPDPr_313.wav,copd_P40COPDPr_313,COPD,asthma_detection_v2,smartphone_mic
data/processed\asthma_detection_v2\copd\P40COPDPr_315.wav,copd_P40COPDPr_315,COPD,asthma_detection_v2,smartphone_mic
data/processed\asthma_detection_v2\copd\P40COPDPr_317.wav,copd_P40COPDPr_317,COPD,asthma_detection_v2,smartphone_mic
data/processed\asthma_detection_v2\copd\P41COPDMc_324.wav,copd_P41COPDMc_324,COPD,asthma_detection_v2,smartphone_mic
data/processed\asthma_detection_v2\copd\P41COPDMc_326.wav,copd_P41COPDMc_326,COPD,asthma_detection_v2,smartphone_mic
data/processed\asthma_detection_v2\copd\P41COPDMc_328.wav,copd_P41COPDMc_328,COPD,asthma_detection_v2,smartphone_mic
data/processed\asthma_detection_v2\copd\P41COPDPr_321.wav,copd_P41COPDPr_321,COPD,asthma_detection_v2,smartphone_mic
data/processed\asthma_detection_v2\copd\P41COPDPr_323.wav,copd_P41COPDPr_323,COPD,asthma_detection_v2,smartphone_mic
data/processed\asthma_detection_v2\copd\P41COPDPr_327.wav,copd_P41COPDPr_327,COPD,asthma_detection_v2,smartphone_mic
data/processed\asthma_detection_v2\copd\P42COPDMc_330.wav,copd_P42COPDMc_330,COPD,asthma_detection_v2,smartphone_mic
data/processed\asthma_detection_v2\copd\P42COPDMc_332.wav,copd_P42COPDMc_332,COPD,asthma_detection_v2,smartphone_mic
data/processed\asthma_detection_v2\copd\P42COPDMc_334.wav,copd_P42COPDMc_334,COPD,asthma_detection_v2,smartphone_mic
data/processed\asthma_detection_v2\copd\P42COPDMc_336.wav,copd_P42COPDMc_336,COPD,asthma_detection_v2,smartphone_mic
data/processed\asthma_detection_v2\copd\P42COPDPr_329.wav,copd_P42COPDPr_329,COPD,asthma_detection_v2,smartphone_mic
data/processed\asthma_detection_v2\copd\P42COPDPr_335.wav,copd_P42COPDPr_335,COPD,asthma_detection_v2,smartphone_mic
data/processed\asthma_detection_v2\copd\P43COPDMc_338.wav,copd_P43COPDMc_338,COPD,asthma_detection_v2,smartphone_mic
data/processed\asthma_detection_v2\copd\P43COPDMc_340.wav,copd_P43COPDMc_340,COPD,asthma_detection_v2,smartphone_mic
data/processed\asthma_detection_v2\copd\P43COPDMc_342.wav,copd_P43COPDMc_342,COPD,asthma_detection_v2,smartphone_mic
data/processed\asthma_detection_v2\copd\P43COPDMc_344.wav,copd_P43COPDMc_344,COPD,asthma_detection_v2,smartphone_mic
data/processed\asthma_detection_v2\copd\P43COPDPr_337.wav,copd_P43COPDPr_337,COPD,asthma_detection_v2,smartphone_mic
data/processed\asthma_detection_v2\copd\P43COPDPr_339.wav,copd_P43COPDPr_339,COPD,asthma_detection_v2,smartphone_mic
data/processed\asthma_detection_v2\copd\P43COPDPr_343.wav,copd_P43COPDPr_343,COPD,asthma_detection_v2,smartphone_mic
data/processed\asthma_detection_v2\copd\P44COPDMc_350.wav,copd_P44COPDMc_350,COPD,asthma_detection_v2,smartphone_mic
data/processed\asthma_detection_v2\copd\P44COPDMc_352.wav,copd_P44COPDMc_352,COPD,asthma_detection_v2,smartphone_mic
data/processed\asthma_detection_v2\copd\P44COPDPr_345.wav,copd_P44COPDPr_345,COPD,asthma_detection_v2,smartphone_mic
data/processed\asthma_detection_v2\copd\P44COPDPr_347.wav,copd_P44COPDPr_347,COPD,asthma_detection_v2,smartphone_mic
data/processed\asthma_detection_v2\copd\P44COPDPr_349.wav,copd_P44COPDPr_349,COPD,asthma_detection_v2,smartphone_mic
data/processed\asthma_detection_v2\copd\P44COPDPr_351.wav,copd_P44COPDPr_351,COPD,asthma_detection_v2,smartphone_mic
data/processed\asthma_detection_v2\copd\P45COPDMc_354.wav,copd_P45COPDMc_354,COPD,asthma_detection_v2,smartphone_mic
data/processed\asthma_detection_v2\copd\P45COPDMc_358.wav,copd_P45COPDMc_358,COPD,asthma_detection_v2,smartphone_mic
data/processed\asthma_detection_v2\copd\P45COPDMc_360.wav,copd_P45COPDMc_360,COPD,asthma_detection_v2,smartphone_mic
data/processed\asthma_detection_v2\copd\P45COPDPr_353.wav,copd_P45COPDPr_353,COPD,asthma_detection_v2,smartphone_mic
data/processed\asthma_detection_v2\copd\P45COPDPr_357.wav,copd_P45COPDPr_357,COPD,asthma_detection_v2,smartphone_mic
data/processed\asthma_detection_v2\copd\P45COPDPr_359.wav,copd_P45COPDPr_359,COPD,asthma_detection_v2,smartphone_mic
data/processed\asthma_detection_v2\copd\P46COPDMc_362.wav,copd_P46COPDMc_362,COPD,asthma_detection_v2,smartphone_mic
data/processed\asthma_detection_v2\copd\P46COPDPr_361.wav,copd_P46COPDPr_361,COPD,asthma_detection_v2,smartphone_mic
data/processed\asthma_detection_v2\copd\P46COPDPr_363.wav,copd_P46COPDPr_363,COPD,asthma_detection_v2,smartphone_mic
data/processed\asthma_detection_v2\copd\P46COPDPr_365.wav,copd_P46COPDPr_365,COPD,asthma_detection_v2,smartphone_mic
data/processed\asthma_detection_v2\copd\P47COPDMc_370.wav,copd_P47COPDMc_370,COPD,asthma_detection_v2,smartphone_mic
data/processed\asthma_detection_v2\copd\P47COPDMc_374.wav,copd_P47COPDMc_374,COPD,asthma_detection_v2,smartphone_mic
data/processed\asthma_detection_v2\copd\P47COPDMc_376.wav,copd_P47COPDMc_376,COPD,asthma_detection_v2,smartphone_mic
data/processed\asthma_detection_v2\copd\P47COPDPr_369.wav,copd_P47COPDPr_369,COPD,asthma_detection_v2,smartphone_mic
data/processed\asthma_detection_v2\copd\P47COPDPr_371.wav,copd_P47COPDPr_371,COPD,asthma_detection_v2,smartphone_mic
data/processed\asthma_detection_v2\copd\P47COPDPr_373.wav,copd_P47COPDPr_373,COPD,asthma_detection_v2,smartphone_mic
data/processed\asthma_detection_v2\copd\P47COPDPr_375.wav,copd_P47COPDPr_375,COPD,asthma_detection_v2,smartphone_mic
data/processed\asthma_detection_v2\copd\P48COPDMc_378.wav,copd_P48COPDMc_378,COPD,asthma_detection_v2,smartphone_mic
data/processed\asthma_detection_v2\copd\P48COPDMc_380.wav,copd_P48COPDMc_380,COPD,asthma_detection_v2,smartphone_mic
data/processed\asthma_detection_v2\copd\P48COPDMc_382.wav,copd_P48COPDMc_382,COPD,asthma_detection_v2,smartphone_mic
data/processed\asthma_detection_v2\copd\P48COPDMc_384.wav,copd_P48COPDMc_384,COPD,asthma_detection_v2,smartphone_mic
data/processed\asthma_detection_v2\copd\P48COPDPr_377.wav,copd_P48COPDPr_377,COPD,asthma_detection_v2,smartphone_mic
data/processed\asthma_detection_v2\copd\P48COPDPr_381.wav,copd_P48COPDPr_381,COPD,asthma_detection_v2,smartphone_mic
data/processed\asthma_detection_v2\copd\P49COPDMc_390.wav,copd_P49COPDMc_390,COPD,asthma_detection_v2,smartphone_mic
data/processed\asthma_detection_v2\copd\P49COPDPr_385.wav,copd_P49COPDPr_385,COPD,asthma_detection_v2,smartphone_mic
data/processed\asthma_detection_v2\copd\P49COPDPr_389.wav,copd_P49COPDPr_389,COPD,asthma_detection_v2,smartphone_mic
data/processed\asthma_detection_v2\copd\P49COPDPr_391.wav,copd_P49COPDPr_391,COPD,asthma_detection_v2,smartphone_mic
data/processed\asthma_detection_v2\copd\P4COPDMc_28.wav,copd_P4COPDMc_28,COPD,asthma_detection_v2,smartphone_mic
data/processed\asthma_detection_v2\copd\P4COPDMc_30.wav,copd_P4COPDMc_30,COPD,asthma_detection_v2,smartphone_mic
data/processed\asthma_detection_v2\copd\P4COPDPr_25.wav,copd_P4COPDPr_25,COPD,asthma_detection_v2,smartphone_mic
data/processed\asthma_detection_v2\copd\P50COPDMc_394.wav,copd_P50COPDMc_394,COPD,asthma_detection_v2,smartphone_mic
data/processed\asthma_detection_v2\copd\P50COPDPr_393.wav,copd_P50COPDPr_393,COPD,asthma_detection_v2,smartphone_mic
data/processed\asthma_detection_v2\copd\P50COPDPr_395.wav,copd_P50COPDPr_395,COPD,asthma_detection_v2,smartphone_mic
data/processed\asthma_detection_v2\copd\P50COPDPr_399.wav,copd_P50COPDPr_399,COPD,asthma_detection_v2,smartphone_mic
data/processed\asthma_detection_v2\copd\P51COPDPr_401.wav,copd_P51COPDPr_401,COPD,asthma_detection_v2,smartphone_mic
data/processed\asthma_detection_v2\copd\P5COPDMc_38.wav,copd_P5COPDMc_38,COPD,asthma_detection_v2,smartphone_mic
data/processed\asthma_detection_v2\copd\P5COPDMc_40.wav,copd_P5COPDMc_40,COPD,asthma_detection_v2,smartphone_mic
data/processed\asthma_detection_v2\copd\P5COPDPr_35.wav,copd_P5COPDPr_35,COPD,asthma_detection_v2,smartphone_mic
data/processed\asthma_detection_v2\copd\P5COPDPr_37.wav,copd_P5COPDPr_37,COPD,asthma_detection_v2,smartphone_mic
data/processed\asthma_detection_v2\copd\P6COPDMc_42.wav,copd_P6COPDMc_42,COPD,asthma_detection_v2,smartphone_mic
data/processed\asthma_detection_v2\copd\P6COPDMc_44.wav,copd_P6COPDMc_44,COPD,asthma_detection_v2,smartphone_mic
data/processed\asthma_detection_v2\copd\P6COPDMc_46.wav,copd_P6COPDMc_46,COPD,asthma_detection_v2,smartphone_mic
data/processed\asthma_detection_v2\copd\P6COPDPr_41.wav,copd_P6COPDPr_41,COPD,asthma_detection_v2,smartphone_mic
data/processed\asthma_detection_v2\copd\P6COPDPr_43.wav,copd_P6COPDPr_43,COPD,asthma_detection_v2,smartphone_mic
data/processed\asthma_detection_v2\copd\P6COPDPr_47.wav,copd_P6COPDPr_47,COPD,asthma_detection_v2,smartphone_mic
data/processed\asthma_detection_v2\copd\P7COPDMc_50.wav,copd_P7COPDMc_50,COPD,asthma_detection_v2,smartphone_mic
data/processed\asthma_detection_v2\copd\P7COPDMc_52.wav,copd_P7COPDMc_52,COPD,asthma_detection_v2,smartphone_mic
data/processed\asthma_detection_v2\copd\P7COPDMc_54.wav,copd_P7COPDMc_54,COPD,asthma_detection_v2,smartphone_mic
data/processed\asthma_detection_v2\copd\P7COPDMc_56.wav,copd_P7COPDMc_56,COPD,asthma_detection_v2,smartphone_mic
data/processed\asthma_detection_v2\copd\P7COPDPr_51.wav,copd_P7COPDPr_51,COPD,asthma_detection_v2,smartphone_mic
data/processed\asthma_detection_v2\copd\P7COPDPr_53.wav,copd_P7COPDPr_53,COPD,asthma_detection_v2,smartphone_mic
data/processed\asthma_detection_v2\copd\P8COPDMc_58.wav,copd_P8COPDMc_58,COPD,asthma_detection_v2,smartphone_mic
data/processed\asthma_detection_v2\copd\P8COPDMc_62.wav,copd_P8COPDMc_62,COPD,asthma_detection_v2,smartphone_mic
data/processed\asthma_detection_v2\copd\P8COPDPr_59.wav,copd_P8COPDPr_59,COPD,asthma_detection_v2,smartphone_mic
data/processed\asthma_detection_v2\copd\P8COPDPr_61.wav,copd_P8COPDPr_61,COPD,asthma_detection_v2,smartphone_mic
data/processed\asthma_detection_v2\copd\P8COPDPr_63.wav,copd_P8COPDPr_63,COPD,asthma_detection_v2,smartphone_mic
data/processed\asthma_detection_v2\copd\P9COPDMc_66.wav,copd_P9COPDMc_66,COPD,asthma_detection_v2,smartphone_mic
data/processed\asthma_detection_v2\copd\P9COPDMc_68.wav,copd_P9COPDMc_68,COPD,asthma_detection_v2,smartphone_mic
data/processed\asthma_detection_v2\copd\P9COPDMc_72.wav,copd_P9COPDMc_72,COPD,asthma_detection_v2,smartphone_mic
data/processed\asthma_detection_v2\copd\P9COPDPr_65.wav,copd_P9COPDPr_65,COPD,asthma_detection_v2,smartphone_mic
data/processed\asthma_detection_v2\copd\P9COPDPr_67.wav,copd_P9COPDPr_67,COPD,asthma_detection_v2,smartphone_mic
data/processed\asthma_detection_v2\copd\P9COPDPr_69.wav,copd_P9COPDPr_69,COPD,asthma_detection_v2,smartphone_mic
data/processed\asthma_detection_v2\copd\P9COPDPr_71.wav,copd_P9COPDPr_71,COPD,asthma_detection_v2,smartphone_mic
data/processed\asthma_detection_v2\healthy\P10Healthy14S.wav,healthy_P10Healthy14S,Normal,asthma_detection_v2,smartphone_mic
data/processed\asthma_detection_v2\healthy\P10Healthy61S.wav,healthy_P10Healthy61S,Normal,asthma_detection_v2,smartphone_mic
data/processed\asthma_detection_v2\healthy\P10Healthy65S.wav,healthy_P10Healthy65S,Normal,asthma_detection_v2,smartphone_mic
data/processed\asthma_detection_v2\healthy\P10Healthy93S.wav,healthy_P10Healthy93S,Normal,asthma_detection_v2,smartphone_mic
data/processed\asthma_detection_v2\healthy\P11Healthy18S.wav,healthy_P11Healthy18S,Normal,asthma_detection_v2,smartphone_mic
data/processed\asthma_detection_v2\healthy\P11Healthy30S.wav,healthy_P11Healthy30S,Normal,asthma_detection_v2,smartphone_mic
data/processed\asthma_detection_v2\healthy\P11Healthy60S.wav,healthy_P11Healthy60S,Normal,asthma_detection_v2,smartphone_mic
data/processed\asthma_detection_v2\healthy\P12Healthy16S.wav,healthy_P12Healthy16S,Normal,asthma_detection_v2,smartphone_mic
data/processed\asthma_detection_v2\healthy\P12Healthy67S.wav,healthy_P12Healthy67S,Normal,asthma_detection_v2,smartphone_mic
data/processed\asthma_detection_v2\healthy\P12Healthy99S.wav,healthy_P12Healthy99S,Normal,asthma_detection_v2,smartphone_mic
data/processed\asthma_detection_v2\healthy\P13Healthy28S.wav,healthy_P13Healthy28S,Normal,asthma_detection_v2,smartphone_mic
data/processed\asthma_detection_v2\healthy\P13Healthy48S.wav,healthy_P13Healthy48S,Normal,asthma_detection_v2,smartphone_mic
data/processed\asthma_detection_v2\healthy\P13Healthy69S.wav,healthy_P13Healthy69S,Normal,asthma_detection_v2,smartphone_mic
data/processed\asthma_detection_v2\healthy\P14Healthy28S.wav,healthy_P14Healthy28S,Normal,asthma_detection_v2,smartphone_mic
data/processed\asthma_detection_v2\healthy\P14Healthy47S.wav,healthy_P14Healthy47S,Normal,asthma_detection_v2,smartphone_mic
data/processed\asthma_detection_v2\healthy\P14Healthy53S.wav,healthy_P14Healthy53S,Normal,asthma_detection_v2,smartphone_mic
data/processed\asthma_detection_v2\healthy\P14Healthy54S.wav,healthy_P14Healthy54S,Normal,asthma_detection_v2,smartphone_mic
data/processed\asthma_detection_v2\healthy\P14Healthy89S.wav,healthy_P14Healthy89S,Normal,asthma_detection_v2,smartphone_mic
data/processed\asthma_detection_v2\healthy\P15Healthy55S.wav,healthy_P15Healthy55S,Normal,asthma_detection_v2,smartphone_mic
data/processed\asthma_detection_v2\healthy\P15Healthy65S.wav,healthy_P15Healthy65S,Normal,asthma_detection_v2,smartphone_mic
data/processed\asthma_detection_v2\healthy\P16Healthy18S.wav,healthy_P16Healthy18S,Normal,asthma_detection_v2,smartphone_mic
data/processed\asthma_detection_v2\healthy\P16Healthy19S.wav,healthy_P16Healthy19S,Normal,asthma_detection_v2,smartphone_mic
data/processed\asthma_detection_v2\healthy\P16Healthy26S.wav,healthy_P16Healthy26S,Normal,asthma_detection_v2,smartphone_mic
data/processed\asthma_detection_v2\healthy\P16Healthy41S.wav,healthy_P16Healthy41S,Normal,asthma_detection_v2,smartphone_mic
data/processed\asthma_detection_v2\healthy\P17Healthy22S.wav,healthy_P17Healthy22S,Normal,asthma_detection_v2,smartphone_mic
data/processed\asthma_detection_v2\healthy\P17Healthy35S.wav,healthy_P17Healthy35S,Normal,asthma_detection_v2,smartphone_mic
data/processed\asthma_detection_v2\healthy\P17Healthy58S.wav,healthy_P17Healthy58S,Normal,asthma_detection_v2,smartphone_mic
data/processed\asthma_detection_v2\healthy\P17Healthy71S.wav,healthy_P17Healthy71S,Normal,asthma_detection_v2,smartphone_mic
data/processed\asthma_detection_v2\healthy\P17Healthy83S.wav,healthy_P17Healthy83S,Normal,asthma_detection_v2,smartphone_mic
data/processed\asthma_detection_v2\healthy\P18Healthy17S.wav,healthy_P18Healthy17S,Normal,asthma_detection_v2,smartphone_mic
data/processed\asthma_detection_v2\healthy\P18Healthy46S.wav,healthy_P18Healthy46S,Normal,asthma_detection_v2,smartphone_mic
data/processed\asthma_detection_v2\healthy\P18Healthy59S.wav,healthy_P18Healthy59S,Normal,asthma_detection_v2,smartphone_mic
data/processed\asthma_detection_v2\healthy\P19Healthy47S.wav,healthy_P19Healthy47S,Normal,asthma_detection_v2,smartphone_mic
data/processed\asthma_detection_v2\healthy\P19Healthy50S.wav,healthy_P19Healthy50S,Normal,asthma_detection_v2,smartphone_mic
data/processed\asthma_detection_v2\healthy\P19Healthy79S.wav,healthy_P19Healthy79S,Normal,asthma_detection_v2,smartphone_mic
data/processed\asthma_detection_v2\healthy\P1Healthy55S.wav,healthy_P1Healthy55S,Normal,asthma_detection_v2,smartphone_mic
data/processed\asthma_detection_v2\healthy\P1Healthy86S.wav,healthy_P1Healthy86S,Normal,asthma_detection_v2,smartphone_mic
data/processed\asthma_detection_v2\healthy\P1Healthy88S.wav,healthy_P1Healthy88S,Normal,asthma_detection_v2,smartphone_mic
data/processed\asthma_detection_v2\healthy\P1Healthy99S.wav,healthy_P1Healthy99S,Normal,asthma_detection_v2,smartphone_mic
data/processed\asthma_detection_v2\healthy\P20Healthy25S.wav,healthy_P20Healthy25S,Normal,asthma_detection_v2,smartphone_mic
data/processed\asthma_detection_v2\healthy\P20Healthy31S.wav,healthy_P20Healthy31S,Normal,asthma_detection_v2,smartphone_mic
data/processed\asthma_detection_v2\healthy\P20Healthy59S.wav,healthy_P20Healthy59S,Normal,asthma_detection_v2,smartphone_mic
data/processed\asthma_detection_v2\healthy\P20Healthy70S.wav,healthy_P20Healthy70S,Normal,asthma_detection_v2,smartphone_mic
data/processed\asthma_detection_v2\healthy\P20Healthy84S.wav,healthy_P20Healthy84S,Normal,asthma_detection_v2,smartphone_mic
data/processed\asthma_detection_v2\healthy\P21Healthy15S.wav,healthy_P21Healthy15S,Normal,asthma_detection_v2,smartphone_mic
data/processed\asthma_detection_v2\healthy\P21Healthy38S.wav,healthy_P21Healthy38S,Normal,asthma_detection_v2,smartphone_mic
data/processed\asthma_detection_v2\healthy\P21Healthy53S.wav,healthy_P21Healthy53S,Normal,asthma_detection_v2,smartphone_mic
data/processed\asthma_detection_v2\healthy\P21Healthy95S.wav,healthy_P21Healthy95S,Normal,asthma_detection_v2,smartphone_mic
data/processed\asthma_detection_v2\healthy\P21Healthy98S.wav,healthy_P21Healthy98S,Normal,asthma_detection_v2,smartphone_mic
data/processed\asthma_detection_v2\healthy\P22Healthy36S.wav,healthy_P22Healthy36S,Normal,asthma_detection_v2,smartphone_mic
data/processed\asthma_detection_v2\healthy\P22Healthy45S.wav,healthy_P22Healthy45S,Normal,asthma_detection_v2,smartphone_mic
data/processed\asthma_detection_v2\healthy\P22Healthy50S.wav,healthy_P22Healthy50S,Normal,asthma_detection_v2,smartphone_mic
data/processed\asthma_detection_v2\healthy\P22Healthy88S.wav,healthy_P22Healthy88S,Normal,asthma_detection_v2,smartphone_mic
data/processed\asthma_detection_v2\healthy\P22Healthy94S.wav,healthy_P22Healthy94S,Normal,asthma_detection_v2,smartphone_mic
data/processed\asthma_detection_v2\healthy\P23Healthy14S.wav,healthy_P23Healthy14S,Normal,asthma_detection_v2,smartphone_mic
data/processed\asthma_detection_v2\healthy\P23Healthy24S.wav,healthy_P23Healthy24S,Normal,asthma_detection_v2,smartphone_mic
data/processed\asthma_detection_v2\healthy\P23Healthy72S.wav,healthy_P23Healthy72S,Normal,asthma_detection_v2,smartphone_mic
data/processed\asthma_detection_v2\healthy\P24Healthy62S.wav,healthy_P24Healthy62S,Normal,asthma_detection_v2,smartphone_mic
data/processed\asthma_detection_v2\healthy\P24Healthy63S.wav,healthy_P24Healthy63S,Normal,asthma_detection_v2,smartphone_mic
data/processed\asthma_detection_v2\healthy\P24Healthy95S.wav,healthy_P24Healthy95S,Normal,asthma_detection_v2,smartphone_mic
data/processed\asthma_detection_v2\healthy\P25Healthy20S.wav,healthy_P25Healthy20S,Normal,asthma_detection_v2,smartphone_mic
data/processed\asthma_detection_v2\healthy\P25Healthy42S.wav,healthy_P25Healthy42S,Normal,asthma_detection_v2,smartphone_mic
data/processed\asthma_detection_v2\healthy\P25Healthy72S.wav,healthy_P25Healthy72S,Normal,asthma_detection_v2,smartphone_mic
data/processed\asthma_detection_v2\healthy\P25Healthy88S.wav,healthy_P25Healthy88S,Normal,asthma_detection_v2,smartphone_mic
data/processed\asthma_detection_v2\healthy\P25Healthy97S.wav,healthy_P25Healthy97S,Normal,asthma_detection_v2,smartphone_mic
data/processed\asthma_detection_v2\healthy\P26Healthy22S.wav,healthy_P26Healthy22S,Normal,asthma_detection_v2,smartphone_mic
data/processed\asthma_detection_v2\healthy\P26Healthy32S.wav,healthy_P26Healthy32S,Normal,asthma_detection_v2,smartphone_mic
data/processed\asthma_detection_v2\healthy\P26Healthy46S.wav,healthy_P26Healthy46S,Normal,asthma_detection_v2,smartphone_mic
data/processed\asthma_detection_v2\healthy\P26Healthy48S.wav,healthy_P26Healthy48S,Normal,asthma_detection_v2,smartphone_mic
data/processed\asthma_detection_v2\healthy\P26Healthy76S.wav,healthy_P26Healthy76S,Normal,asthma_detection_v2,smartphone_mic
data/processed\asthma_detection_v2\healthy\P27Healthy73S.wav,healthy_P27Healthy73S,Normal,asthma_detection_v2,smartphone_mic
data/processed\asthma_detection_v2\healthy\P27Healthy92S.wav,healthy_P27Healthy92S,Normal,asthma_detection_v2,smartphone_mic
data/processed\asthma_detection_v2\healthy\P2Healthy30S.wav,healthy_P2Healthy30S,Normal,asthma_detection_v2,smartphone_mic
data/processed\asthma_detection_v2\healthy\P2Healthy43S.wav,healthy_P2Healthy43S,Normal,asthma_detection_v2,smartphone_mic
data/processed\asthma_detection_v2\healthy\P3Healthy44S.wav,healthy_P3Healthy44S,Normal,asthma_detection_v2,smartphone_mic
data/processed\asthma_detection_v2\healthy\P3Healthy49S.wav,healthy_P3Healthy49S,Normal,asthma_detection_v2,smartphone_mic
data/processed\asthma_detection_v2\healthy\P3Healthy57S.wav,healthy_P3Healthy57S,Normal,asthma_detection_v2,smartphone_mic
data/processed\asthma_detection_v2\healthy\P3Healthy60S.wav,healthy_P3Healthy60S,Normal,asthma_detection_v2,smartphone_mic
data/processed\asthma_detection_v2\healthy\P4Healthy12S.wav,healthy_P4Healthy12S,Normal,asthma_detection_v2,smartphone_mic
data/processed\asthma_detection_v2\healthy\P4Healthy22S.wav,healthy_P4Healthy22S,Normal,asthma_detection_v2,smartphone_mic
data/processed\asthma_detection_v2\healthy\P4Healthy62S.wav,healthy_P4Healthy62S,Normal,asthma_detection_v2,smartphone_mic
data/processed\asthma_detection_v2\healthy\P4Healthy77S.wav,healthy_P4Healthy77S,Normal,asthma_detection_v2,smartphone_mic
data/processed\asthma_detection_v2\healthy\P5Healthy10S.wav,healthy_P5Healthy10S,Normal,asthma_detection_v2,smartphone_mic
data/processed\asthma_detection_v2\healthy\P5Healthy92S.wav,healthy_P5Healthy92S,Normal,asthma_detection_v2,smartphone_mic
data/processed\asthma_detection_v2\healthy\P5Healthy96S.wav,healthy_P5Healthy96S,Normal,asthma_detection_v2,smartphone_mic
data/processed\asthma_detection_v2\healthy\P6Healthy21S.wav,healthy_P6Healthy21S,Normal,asthma_detection_v2,smartphone_mic
data/processed\asthma_detection_v2\healthy\P6Healthy34S.wav,healthy_P6Healthy34S,Normal,asthma_detection_v2,smartphone_mic
data/processed\asthma_detection_v2\healthy\P6Healthy51S.wav,healthy_P6Healthy51S,Normal,asthma_detection_v2,smartphone_mic
data/processed\asthma_detection_v2\healthy\P6Healthy77S.wav,healthy_P6Healthy77S,Normal,asthma_detection_v2,smartphone_mic
data/processed\asthma_detection_v2\healthy\P7Healthy38S.wav,healthy_P7Healthy38S,Normal,asthma_detection_v2,smartphone_mic
data/processed\asthma_detection_v2\healthy\P7Healthy85S.wav,healthy_P7Healthy85S,Normal,asthma_detection_v2,smartphone_mic
data/processed\asthma_detection_v2\healthy\P7Healthy94S.wav,healthy_P7Healthy94S,Normal,asthma_detection_v2,smartphone_mic
data/processed\asthma_detection_v2\healthy\P8Healthy33S.wav,healthy_P8Healthy33S,Normal,asthma_detection_v2,smartphone_mic
data/processed\asthma_detection_v2\healthy\P8Healthy35S.wav,healthy_P8Healthy35S,Normal,asthma_detection_v2,smartphone_mic
data/processed\asthma_detection_v2\healthy\P8Healthy48S.wav,healthy_P8Healthy48S,Normal,asthma_detection_v2,smartphone_mic
data/processed\asthma_detection_v2\healthy\P8Healthy70S.wav,healthy_P8Healthy70S,Normal,asthma_detection_v2,smartphone_mic
data/processed\asthma_detection_v2\healthy\P9Healthy22S.wav,healthy_P9Healthy22S,Normal,asthma_detection_v2,smartphone_mic
data/processed\asthma_detection_v2\healthy\P9Healthy61S.wav,healthy_P9Healthy61S,Normal,asthma_detection_v2,smartphone_mic
data/processed\asthma_detection_v2\healthy\P9Healthy79S.wav,healthy_P9Healthy79S,Normal,asthma_detection_v2,smartphone_mic
data/processed\asthma_detection_v2\pneumonia\P10Pneumonia52A.wav,pneumonia_P10Pneumonia52A,Pneumonia,asthma_detection_v2,smartphone_mic
data/processed\asthma_detection_v2\pneumonia\P10Pneumonia73G.wav,pneumonia_P10Pneumonia73G,Pneumonia,asthma_detection_v2,smartphone_mic
data/processed\asthma_detection_v2\pneumonia\P10Pneumonia88R.wav,pneumonia_P10Pneumonia88R,Pneumonia,asthma_detection_v2,smartphone_mic
data/processed\asthma_detection_v2\pneumonia\P10Pneumonia93W.wav,pneumonia_P10Pneumonia93W,Pneumonia,asthma_detection_v2,smartphone_mic
data/processed\asthma_detection_v2\pneumonia\P10Pneumonia97B.wav,pneumonia_P10Pneumonia97B,Pneumonia,asthma_detection_v2,smartphone_mic
data/processed\asthma_detection_v2\pneumonia\P11Pneumonia58A.wav,pneumonia_P11Pneumonia58A,Pneumonia,asthma_detection_v2,smartphone_mic
data/processed\asthma_detection_v2\pneumonia\P11Pneumonia65P.wav,pneumonia_P11Pneumonia65P,Pneumonia,asthma_detection_v2,smartphone_mic
data/processed\asthma_detection_v2\pneumonia\P11Pneumonia98J.wav,pneumonia_P11Pneumonia98J,Pneumonia,asthma_detection_v2,smartphone_mic
data/processed\asthma_detection_v2\pneumonia\P12Pneumonia23P.wav,pneumonia_P12Pneumonia23P,Pneumonia,asthma_detection_v2,smartphone_mic
data/processed\asthma_detection_v2\pneumonia\P12Pneumonia44H.wav,pneumonia_P12Pneumonia44H,Pneumonia,asthma_detection_v2,smartphone_mic
data/processed\asthma_detection_v2\pneumonia\P12Pneumonia46L.wav,pneumonia_P12Pneumonia46L,Pneumonia,asthma_detection_v2,smartphone_mic
data/processed\asthma_detection_v2\pneumonia\P12Pneumonia59Q.wav,pneumonia_P12Pneumonia59Q,Pneumonia,asthma_detection_v2,smartphone_mic
data/processed\asthma_detection_v2\pneumonia\P13Pneumonia26N.wav,pneumonia_P13Pneumonia26N,Pneumonia,asthma_detection_v2,smartphone_mic
data/processed\asthma_detection_v2\pneumonia\P13Pneumonia33Z.wav,pneumonia_P13Pneumonia33Z,Pneumonia,asthma_detection_v2,smartphone_mic
data/processed\asthma_detection_v2\pneumonia\P13Pneumonia99T.wav,pneumonia_P13Pneumonia99T,Pneumonia,asthma_detection_v2,smartphone_mic
data/processed\asthma_detection_v2\pneumonia\P14Pneumonia19W.wav,pneumonia_P14Pneumonia19W,Pneumonia,asthma_detection_v2,smartphone_mic
data/processed\asthma_detection_v2\pneumonia\P14Pneumonia22X.wav,pneumonia_P14Pneumonia22X,Pneumonia,asthma_detection_v2,smartphone_mic
data/processed\asthma_detection_v2\pneumonia\P14Pneumonia73T.wav,pneumonia_P14Pneumonia73T,Pneumonia,asthma_detection_v2,smartphone_mic
data/processed\asthma_detection_v2\pneumonia\P14Pneumonia87C.wav,pneumonia_P14Pneumonia87C,Pneumonia,asthma_detection_v2,smartphone_mic
data/processed\asthma_detection_v2\pneumonia\P15Pneumonia16R.wav,pneumonia_P15Pneumonia16R,Pneumonia,asthma_detection_v2,smartphone_mic
data/processed\asthma_detection_v2\pneumonia\P15Pneumonia39Y.wav,pneumonia_P15Pneumonia39Y,Pneumonia,asthma_detection_v2,smartphone_mic
data/processed\asthma_detection_v2\pneumonia\P15Pneumonia56Z.wav,pneumonia_P15Pneumonia56Z,Pneumonia,asthma_detection_v2,smartphone_mic
data/processed\asthma_detection_v2\pneumonia\P15Pneumonia58S.wav,pneumonia_P15Pneumonia58S,Pneumonia,asthma_detection_v2,smartphone_mic
data/processed\asthma_detection_v2\pneumonia\P15Pneumonia81V.wav,pneumonia_P15Pneumonia81V,Pneumonia,asthma_detection_v2,smartphone_mic
data/processed\asthma_detection_v2\pneumonia\P16Pneumonia56J.wav,pneumonia_P16Pneumonia56J,Pneumonia,asthma_detection_v2,smartphone_mic
data/processed\asthma_detection_v2\pneumonia\P16Pneumonia66X.wav,pneumonia_P16Pneumonia66X,Pneumonia,asthma_detection_v2,smartphone_mic
data/processed\asthma_detection_v2\pneumonia\P16Pneumonia78M.wav,pneumonia_P16Pneumonia78M,Pneumonia,asthma_detection_v2,smartphone_mic
data/processed\asthma_detection_v2\pneumonia\P17Pneumonia49T.wav,pneumonia_P17Pneumonia49T,Pneumonia,asthma_detection_v2,smartphone_mic
data/processed\asthma_detection_v2\pneumonia\P17Pneumonia51I.wav,pneumonia_P17Pneumonia51I,Pneumonia,asthma_detection_v2,smartphone_mic
data/processed\asthma_detection_v2\pneumonia\P17Pneumonia63G.wav,pneumonia_P17Pneumonia63G,Pneumonia,asthma_detection_v2,smartphone_mic
data/processed\asthma_detection_v2\pneumonia\P17Pneumonia91K.wav,pneumonia_P17Pneumonia91K,Pneumonia,asthma_detection_v2,smartphone_mic
data/processed\asthma_detection_v2\pneumonia\P18Pneumonia15Q.wav,pneumonia_P18Pneumonia15Q,Pneumonia,asthma_detection_v2,smartphone_mic
data/processed\asthma_detection_v2\pneumonia\P18Pneumonia16E.wav,pneumonia_P18Pneumonia16E,Pneumonia,asthma_detection_v2,smartphone_mic
data/processed\asthma_detection_v2\pneumonia\P18Pneumonia84N.wav,pneumonia_P18Pneumonia84N,Pneumonia,asthma_detection_v2,smartphone_mic
data/processed\asthma_detection_v2\pneumonia\P18Pneumonia88I.wav,pneumonia_P18Pneumonia88I,Pneumonia,asthma_detection_v2,smartphone_mic
data/processed\asthma_detection_v2\pneumonia\P19Pneumonia33O.wav,pneumonia_P19Pneumonia33O,Pneumonia,asthma_detection_v2,smartphone_mic
data/processed\asthma_detection_v2\pneumonia\P19Pneumonia39Z.wav,pneumonia_P19Pneumonia39Z,Pneumonia,asthma_detection_v2,smartphone_mic
data/processed\asthma_detection_v2\pneumonia\P19Pneumonia41U.wav,pneumonia_P19Pneumonia41U,Pneumonia,asthma_detection_v2,smartphone_mic
data/processed\asthma_detection_v2\pneumonia\P19Pneumonia75B.wav,pneumonia_P19Pneumonia75B,Pneumonia,asthma_detection_v2,smartphone_mic
data/processed\asthma_detection_v2\pneumonia\P19Pneumonia90X.wav,pneumonia_P19Pneumonia90X,Pneumonia,asthma_detection_v2,smartphone_mic
data/processed\asthma_detection_v2\pneumonia\P1Pneumonia39F.wav,pneumonia_P1Pneumonia39F,Pneumonia,asthma_detection_v2,smartphone_mic
data/processed\asthma_detection_v2\pneumonia\P1Pneumonia93D.wav,pneumonia_P1Pneumonia93D,Pneumonia,asthma_detection_v2,smartphone_mic
data/processed\asthma_detection_v2\pneumonia\P1Pneumonia94J.wav,pneumonia_P1Pneumonia94J,Pneumonia,asthma_detection_v2,smartphone_mic
data/processed\asthma_detection_v2\pneumonia\P1Pneumonia97M.wav,pneumonia_P1Pneumonia97M,Pneumonia,asthma_detection_v2,smartphone_mic
data/processed\asthma_detection_v2\pneumonia\P20Pneumonia27V.wav,pneumonia_P20Pneumonia27V,Pneumonia,asthma_detection_v2,smartphone_mic
data/processed\asthma_detection_v2\pneumonia\P20Pneumonia31P.wav,pneumonia_P20Pneumonia31P,Pneumonia,asthma_detection_v2,smartphone_mic
data/processed\asthma_detection_v2\pneumonia\P20Pneumonia42B.wav,pneumonia_P20Pneumonia42B,Pneumonia,asthma_detection_v2,smartphone_mic
data/processed\asthma_detection_v2\pneumonia\P20Pneumonia84L.wav,pneumonia_P20Pneumonia84L,Pneumonia,asthma_detection_v2,smartphone_mic
data/processed\asthma_detection_v2\pneumonia\P21Pneumonia12C.wav,pneumonia_P21Pneumonia12C,Pneumonia,asthma_detection_v2,smartphone_mic
data/processed\asthma_detection_v2\pneumonia\P21Pneumonia24G.wav,pneumonia_P21Pneumonia24G,Pneumonia,asthma_detection_v2,smartphone_mic
data/processed\asthma_detection_v2\pneumonia\P21Pneumonia56M.wav,pneumonia_P21Pneumonia56M,Pneumonia,asthma_detection_v2,smartphone_mic
data/processed\asthma_detection_v2\pneumonia\P21Pneumonia78P.wav,pneumonia_P21Pneumonia78P,Pneumonia,asthma_detection_v2,smartphone_mic
data/processed\asthma_detection_v2\pneumonia\P21Pneumonia95A.wav,pneumonia_P21Pneumonia95A,Pneumonia,asthma_detection_v2,smartphone_mic
data/processed\asthma_detection_v2\pneumonia\P22Pneumonia27A.wav,pneumonia_P22Pneumonia27A,Pneumonia,asthma_detection_v2,smartphone_mic
data/processed\asthma_detection_v2\pneumonia\P22Pneumonia29K.wav,pneumonia_P22Pneumonia29K,Pneumonia,asthma_detection_v2,smartphone_mic
data/processed\asthma_detection_v2\pneumonia\P22Pneumonia29M.wav,pneumonia_P22Pneumonia29M,Pneumonia,asthma_detection_v2,smartphone_mic
data/processed\asthma_detection_v2\pneumonia\P22Pneumonia51X.wav,pneumonia_P22Pneumonia51X,Pneumonia,asthma_detection_v2,smartphone_mic
data/processed\asthma_detection_v2\pneumonia\P23Pneumonia19A.wav,pneumonia_P23Pneumonia19A,Pneumonia,asthma_detection_v2,smartphone_mic
data/processed\asthma_detection_v2\pneumonia\P23Pneumonia40O.wav,pneumonia_P23Pneumonia40O,Pneumonia,asthma_detection_v2,smartphone_mic
data/processed\asthma_detection_v2\pneumonia\P23Pneumonia90V.wav,pneumonia_P23Pneumonia90V,Pneumonia,asthma_detection_v2,smartphone_mic
data/processed\asthma_detection_v2\pneumonia\P23Pneumonia97P.wav,pneumonia_P23Pneumonia97P,Pneumonia,asthma_detection_v2,smartphone_mic
data/processed\asthma_detection_v2\pneumonia\P24Pneumonia21G.wav,pneumonia_P24Pneumonia21G,Pneumonia,asthma_detection_v2,smartphone_mic
data/processed\asthma_detection_v2\pneumonia\P24Pneumonia54A.wav,pneumonia_P24Pneumonia54A,Pneumonia,asthma_detection_v2,smartphone_mic
data/processed\asthma_detection_v2\pneumonia\P24Pneumonia67Z.wav,pneumonia_P24Pneumonia67Z,Pneumonia,asthma_detection_v2,smartphone_mic
data/processed\asthma_detection_v2\pneumonia\P24Pneumonia91X.wav,pneumonia_P24Pneumonia91X,Pneumonia,asthma_detection_v2,smartphone_mic
data/processed\asthma_detection_v2\pneumonia\P25Pneumonia11Z.wav,pneumonia_P25Pneumonia11Z,Pneumonia,asthma_detection_v2,smartphone_mic
data/processed\asthma_detection_v2\pneumonia\P25Pneumonia30I.wav,pneumonia_P25Pneumonia30I,Pneumonia,asthma_detection_v2,smartphone_mic
data/processed\asthma_detection_v2\pneumonia\P25Pneumonia42V.wav,pneumonia_P25Pneumonia42V,Pneumonia,asthma_detection_v2,smartphone_mic
data/processed\asthma_detection_v2\pneumonia\P25Pneumonia93N.wav,pneumonia_P25Pneumonia93N,Pneumonia,asthma_detection_v2,smartphone_mic
data/processed\asthma_detection_v2\pneumonia\P25Pneumonia97D.wav,pneumonia_P25Pneumonia97D,Pneumonia,asthma_detection_v2,smartphone_mic
data/processed\asthma_detection_v2\pneumonia\P26Pneumonia66S.wav,pneumonia_P26Pneumonia66S,Pneumonia,asthma_detection_v2,smartphone_mic
data/processed\asthma_detection_v2\pneumonia\P26Pneumonia83Z.wav,pneumonia_P26Pneumonia83Z,Pneumonia,asthma_detection_v2,smartphone_mic
data/processed\asthma_detection_v2\pneumonia\P26Pneumonia89E.wav,pneumonia_P26Pneumonia89E,Pneumonia,asthma_detection_v2,smartphone_mic
data/processed\asthma_detection_v2\pneumonia\P27Pneumonia28K.wav,pneumonia_P27Pneumonia28K,Pneumonia,asthma_detection_v2,smartphone_mic
data/processed\asthma_detection_v2\pneumonia\P27Pneumonia48G.wav,pneumonia_P27Pneumonia48G,Pneumonia,asthma_detection_v2,smartphone_mic
data/processed\asthma_detection_v2\pneumonia\P27Pneumonia62C.wav,pneumonia_P27Pneumonia62C,Pneumonia,asthma_detection_v2,smartphone_mic
data/processed\asthma_detection_v2\pneumonia\P27Pneumonia77J.wav,pneumonia_P27Pneumonia77J,Pneumonia,asthma_detection_v2,smartphone_mic
data/processed\asthma_detection_v2\pneumonia\P28Pneumonia22W.wav,pneumonia_P28Pneumonia22W,Pneumonia,asthma_detection_v2,smartphone_mic
data/processed\asthma_detection_v2\pneumonia\P28Pneumonia43J.wav,pneumonia_P28Pneumonia43J,Pneumonia,asthma_detection_v2,smartphone_mic
data/processed\asthma_detection_v2\pneumonia\P28Pneumonia56Y.wav,pneumonia_P28Pneumonia56Y,Pneumonia,asthma_detection_v2,smartphone_mic
data/processed\asthma_detection_v2\pneumonia\P28Pneumonia65J.wav,pneumonia_P28Pneumonia65J,Pneumonia,asthma_detection_v2,smartphone_mic
data/processed\asthma_detection_v2\pneumonia\P28Pneumonia71A.wav,pneumonia_P28Pneumonia71A,Pneumonia,asthma_detection_v2,smartphone_mic
data/processed\asthma_detection_v2\pneumonia\P28Pneumonia90E.wav,pneumonia_P28Pneumonia90E,Pneumonia,asthma_detection_v2,smartphone_mic
data/processed\asthma_detection_v2\pneumonia\P29Pneumonia14M.wav,pneumonia_P29Pneumonia14M,Pneumonia,asthma_detection_v2,smartphone_mic
data/processed\asthma_detection_v2\pneumonia\P29Pneumonia17N.wav,pneumonia_P29Pneumonia17N,Pneumonia,asthma_detection_v2,smartphone_mic
data/processed\asthma_detection_v2\pneumonia\P29Pneumonia18M.wav,pneumonia_P29Pneumonia18M,Pneumonia,asthma_detection_v2,smartphone_mic
data/processed\asthma_detection_v2\pneumonia\P29Pneumonia24X.wav,pneumonia_P29Pneumonia24X,Pneumonia,asthma_detection_v2,smartphone_mic
data/processed\asthma_detection_v2\pneumonia\P29Pneumonia82U.wav,pneumonia_P29Pneumonia82U,Pneumonia,asthma_detection_v2,smartphone_mic
data/processed\asthma_detection_v2\pneumonia\P2Pneumonia11Q.wav,pneumonia_P2Pneumonia11Q,Pneumonia,asthma_detection_v2,smartphone_mic
data/processed\asthma_detection_v2\pneumonia\P2Pneumonia28R.wav,pneumonia_P2Pneumonia28R,Pneumonia,asthma_detection_v2,smartphone_mic
data/processed\asthma_detection_v2\pneumonia\P2Pneumonia36Z.wav,pneumonia_P2Pneumonia36Z,Pneumonia,asthma_detection_v2,smartphone_mic
data/processed\asthma_detection_v2\pneumonia\P2Pneumonia70H.wav,pneumonia_P2Pneumonia70H,Pneumonia,asthma_detection_v2,smartphone_mic
data/processed\asthma_detection_v2\pneumonia\P2Pneumonia82A.wav,pneumonia_P2Pneumonia82A,Pneumonia,asthma_detection_v2,smartphone_mic
data/processed\asthma_detection_v2\pneumonia\P2Pneumonia93N.wav,pneumonia_P2Pneumonia93N,Pneumonia,asthma_detection_v2,smartphone_mic
data/processed\asthma_detection_v2\pneumonia\P30Pneumonia10C.wav,pneumonia_P30Pneumonia10C,Pneumonia,asthma_detection_v2,smartphone_mic
data/processed\asthma_detection_v2\pneumonia\P30Pneumonia15J.wav,pneumonia_P30Pneumonia15J,Pneumonia,asthma_detection_v2,smartphone_mic
data/processed\asthma_detection_v2\pneumonia\P30Pneumonia52T.wav,pneumonia_P30Pneumonia52T,Pneumonia,asthma_detection_v2,smartphone_mic
data/processed\asthma_detection_v2\pneumonia\P30Pneumonia70X.wav,pneumonia_P30Pneumonia70X,Pneumonia,asthma_detection_v2,smartphone_mic
data/processed\asthma_detection_v2\pneumonia\P30Pneumonia85D.wav,pneumonia_P30Pneumonia85D,Pneumonia,asthma_detection_v2,smartphone_mic
data/processed\asthma_detection_v2\pneumonia\P31Pneumonia16C.wav,pneumonia_P31Pneumonia16C,Pneumonia,asthma_detection_v2,smartphone_mic
data/processed\asthma_detection_v2\pneumonia\P31Pneumonia47D.wav,pneumonia_P31Pneumonia47D,Pneumonia,asthma_detection_v2,smartphone_mic
data/processed\asthma_detection_v2\pneumonia\P31Pneumonia92I.wav,pneumonia_P31Pneumonia92I,Pneumonia,asthma_detection_v2,smartphone_mic
data/processed\asthma_detection_v2\pneumonia\P32Pneumonia59Q.wav,pneumonia_P32Pneumonia59Q,Pneumonia,asthma_detection_v2,smartphone_mic
data/processed\asthma_detection_v2\pneumonia\P32Pneumonia69E.wav,pneumonia_P32Pneumonia69E,Pneumonia,asthma_detection_v2,smartphone_mic
data/processed\asthma_detection_v2\pneumonia\P32Pneumonia75E.wav,pneumonia_P32Pneumonia75E,Pneumonia,asthma_detection_v2,smartphone_mic
data/processed\asthma_detection_v2\pneumonia\P32Pneumonia98Y.wav,pneumonia_P32Pneumonia98Y,Pneumonia,asthma_detection_v2,smartphone_mic
data/processed\asthma_detection_v2\pneumonia\P33Pneumonia70D.wav,pneumonia_P33Pneumonia70D,Pneumonia,asthma_detection_v2,smartphone_mic
data/processed\asthma_detection_v2\pneumonia\P33Pneumonia74T.wav,pneumonia_P33Pneumonia74T,Pneumonia,asthma_detection_v2,smartphone_mic
data/processed\asthma_detection_v2\pneumonia\P33Pneumonia94C.wav,pneumonia_P33Pneumonia94C,Pneumonia,asthma_detection_v2,smartphone_mic
data/processed\asthma_detection_v2\pneumonia\P33Pneumonia94P.wav,pneumonia_P33Pneumonia94P,Pneumonia,asthma_detection_v2,smartphone_mic
data/processed\asthma_detection_v2\pneumonia\P34Pneumonia15R.wav,pneumonia_P34Pneumonia15R,Pneumonia,asthma_detection_v2,smartphone_mic
data/processed\asthma_detection_v2\pneumonia\P34Pneumonia36H.wav,pneumonia_P34Pneumonia36H,Pneumonia,asthma_detection_v2,smartphone_mic
data/processed\asthma_detection_v2\pneumonia\P34Pneumonia66M.wav,pneumonia_P34Pneumonia66M,Pneumonia,asthma_detection_v2,smartphone_mic
data/processed\asthma_detection_v2\pneumonia\P34Pneumonia77O.wav,pneumonia_P34Pneumonia77O,Pneumonia,asthma_detection_v2,smartphone_mic
data/processed\asthma_detection_v2\pneumonia\P34Pneumonia99G.wav,pneumonia_P34Pneumonia99G,Pneumonia,asthma_detection_v2,smartphone_mic
data/processed\asthma_detection_v2\pneumonia\P35Pneumonia56D.wav,pneumonia_P35Pneumonia56D,Pneumonia,asthma_detection_v2,smartphone_mic
data/processed\asthma_detection_v2\pneumonia\P35Pneumonia57I.wav,pneumonia_P35Pneumonia57I,Pneumonia,asthma_detection_v2,smartphone_mic
data/processed\asthma_detection_v2\pneumonia\P35Pneumonia75E.wav,pneumonia_P35Pneumonia75E,Pneumonia,asthma_detection_v2,smartphone_mic
data/processed\asthma_detection_v2\pneumonia\P35Pneumonia99V.wav,pneumonia_P35Pneumonia99V,Pneumonia,asthma_detection_v2,smartphone_mic
data/processed\asthma_detection_v2\pneumonia\P36Pneumonia56V.wav,pneumonia_P36Pneumonia56V,Pneumonia,asthma_detection_v2,smartphone_mic
data/processed\asthma_detection_v2\pneumonia\P36Pneumonia57U.wav,pneumonia_P36Pneumonia57U,Pneumonia,asthma_detection_v2,smartphone_mic
data/processed\asthma_detection_v2\pneumonia\P37Pneumonia44I.wav,pneumonia_P37Pneumonia44I,Pneumonia,asthma_detection_v2,smartphone_mic
data/processed\asthma_detection_v2\pneumonia\P37Pneumonia73X.wav,pneumonia_P37Pneumonia73X,Pneumonia,asthma_detection_v2,smartphone_mic
data/processed\asthma_detection_v2\pneumonia\P37Pneumonia83S.wav,pneumonia_P37Pneumonia83S,Pneumonia,asthma_detection_v2,smartphone_mic
data/processed\asthma_detection_v2\pneumonia\P37Pneumonia95J.wav,pneumonia_P37Pneumonia95J,Pneumonia,asthma_detection_v2,smartphone_mic
data/processed\asthma_detection_v2\pneumonia\P38Pneumonia23A.wav,pneumonia_P38Pneumonia23A,Pneumonia,asthma_detection_v2,smartphone_mic
data/processed\asthma_detection_v2\pneumonia\P38Pneumonia34H.wav,pneumonia_P38Pneumonia34H,Pneumonia,asthma_detection_v2,smartphone_mic
data/processed\asthma_detection_v2\pneumonia\P38Pneumonia35P.wav,pneumonia_P38Pneumonia35P,Pneumonia,asthma_detection_v2,smartphone_mic
data/processed\asthma_detection_v2\pneumonia\P38Pneumonia41S.wav,pneumonia_P38Pneumonia41S,Pneumonia,asthma_detection_v2,smartphone_mic
data/processed\asthma_detection_v2\pneumonia\P38Pneumonia64N.wav,pneumonia_P38Pneumonia64N,Pneumonia,asthma_detection_v2,smartphone_mic
data/processed\asthma_detection_v2\pneumonia\P39Pneumonia16K.wav,pneumonia_P39Pneumonia16K,Pneumonia,asthma_detection_v2,smartphone_mic
data/processed\asthma_detection_v2\pneumonia\P39Pneumonia41F.wav,pneumonia_P39Pneumonia41F,Pneumonia,asthma_detection_v2,smartphone_mic
data/processed\asthma_detection_v2\pneumonia\P39Pneumonia49H.wav,pneumonia_P39Pneumonia49H,Pneumonia,asthma_detection_v2,smartphone_mic
data/processed\asthma_detection_v2\pneumonia\P39Pneumonia78Z.wav,pneumonia_P39Pneumonia78Z,Pneumonia,asthma_detection_v2,smartphone_mic
data/processed\asthma_detection_v2\pneumonia\P39Pneumonia85Q.wav,pneumonia_P39Pneumonia85Q,Pneumonia,asthma_detection_v2,smartphone_mic
data/processed\asthma_detection_v2\pneumonia\P39Pneumonia87S.wav,pneumonia_P39Pneumonia87S,Pneumonia,asthma_detection_v2,smartphone_mic
data/processed\asthma_detection_v2\pneumonia\P3Pneumonia41L.wav,pneumonia_P3Pneumonia41L,Pneumonia,asthma_detection_v2,smartphone_mic
data/processed\asthma_detection_v2\pneumonia\P3Pneumonia54K.wav,pneumonia_P3Pneumonia54K,Pneumonia,asthma_detection_v2,smartphone_mic
data/processed\asthma_detection_v2\pneumonia\P3Pneumonia74F.wav,pneumonia_P3Pneumonia74F,Pneumonia,asthma_detection_v2,smartphone_mic
data/processed\asthma_detection_v2\pneumonia\P3Pneumonia75Z.wav,pneumonia_P3Pneumonia75Z,Pneumonia,asthma_detection_v2,smartphone_mic
data/processed\asthma_detection_v2\pneumonia\P3Pneumonia96L.wav,pneumonia_P3Pneumonia96L,Pneumonia,asthma_detection_v2,smartphone_mic
data/processed\asthma_detection_v2\pneumonia\P40Pneumonia32Q.wav,pneumonia_P40Pneumonia32Q,Pneumonia,asthma_detection_v2,smartphone_mic
data/processed\asthma_detection_v2\pneumonia\P40Pneumonia69N.wav,pneumonia_P40Pneumonia69N,Pneumonia,asthma_detection_v2,smartphone_mic
data/processed\asthma_detection_v2\pneumonia\P40Pneumonia90Y.wav,pneumonia_P40Pneumonia90Y,Pneumonia,asthma_detection_v2,smartphone_mic
data/processed\asthma_detection_v2\pneumonia\P40Pneumonia91V.wav,pneumonia_P40Pneumonia91V,Pneumonia,asthma_detection_v2,smartphone_mic
data/processed\asthma_detection_v2\pneumonia\P40Pneumonia92J.wav,pneumonia_P40Pneumonia92J,Pneumonia,asthma_detection_v2,smartphone_mic
data/processed\asthma_detection_v2\pneumonia\P41Pneumonia17O.wav,pneumonia_P41Pneumonia17O,Pneumonia,asthma_detection_v2,smartphone_mic
data/processed\asthma_detection_v2\pneumonia\P41Pneumonia25E.wav,pneumonia_P41Pneumonia25E,Pneumonia,asthma_detection_v2,smartphone_mic
data/processed\asthma_detection_v2\pneumonia\P41Pneumonia31S.wav,pneumonia_P41Pneumonia31S,Pneumonia,asthma_detection_v2,smartphone_mic
data/processed\asthma_detection_v2\pneumonia\P41Pneumonia41D.wav,pneumonia_P41Pneumonia41D,Pneumonia,asthma_detection_v2,smartphone_mic
data/processed\asthma_detection_v2\pneumonia\P41Pneumonia71Q.wav,pneumonia_P41Pneumonia71Q,Pneumonia,asthma_detection_v2,smartphone_mic
data/processed\asthma_detection_v2\pneumonia\P41Pneumonia72U.wav,pneumonia_P41Pneumonia72U,Pneumonia,asthma_detection_v2,smartphone_mic
data/processed\asthma_detection_v2\pneumonia\P42Pneumonia27A.wav,pneumonia_P42Pneumonia27A,Pneumonia,asthma_detection_v2,smartphone_mic
data/processed\asthma_detection_v2\pneumonia\P42Pneumonia46D.wav,pneumonia_P42Pneumonia46D,Pneumonia,asthma_detection_v2,smartphone_mic
data/processed\asthma_detection_v2\pneumonia\P42Pneumonia47W.wav,pneumonia_P42Pneumonia47W,Pneumonia,asthma_detection_v2,smartphone_mic
data/processed\asthma_detection_v2\pneumonia\P42Pneumonia63L.wav,pneumonia_P42Pneumonia63L,Pneumonia,asthma_detection_v2,smartphone_mic
data/processed\asthma_detection_v2\pneumonia\P42Pneumonia67F.wav,pneumonia_P42Pneumonia67F,Pneumonia,asthma_detection_v2,smartphone_mic
data/processed\asthma_detection_v2\pneumonia\P43Pneumonia53X.wav,pneumonia_P43Pneumonia53X,Pneumonia,asthma_detection_v2,smartphone_mic
data/processed\asthma_detection_v2\pneumonia\P43Pneumonia54I.wav,pneumonia_P43Pneumonia54I,Pneumonia,asthma_detection_v2,smartphone_mic
data/processed\asthma_detection_v2\pneumonia\P43Pneumonia73N.wav,pneumonia_P43Pneumonia73N,Pneumonia,asthma_detection_v2,smartphone_mic
data/processed\asthma_detection_v2\pneumonia\P43Pneumonia89T.wav,pneumonia_P43Pneumonia89T,Pneumonia,asthma_detection_v2,smartphone_mic
data/processed\asthma_detection_v2\pneumonia\P44Pneumonia36U.wav,pneumonia_P44Pneumonia36U,Pneumonia,asthma_detection_v2,smartphone_mic
data/processed\asthma_detection_v2\pneumonia\P44Pneumonia47J.wav,pneumonia_P44Pneumonia47J,Pneumonia,asthma_detection_v2,smartphone_mic
data/processed\asthma_detection_v2\pneumonia\P44Pneumonia65N.wav,pneumonia_P44Pneumonia65N,Pneumonia,asthma_detection_v2,smartphone_mic
data/processed\asthma_detection_v2\pneumonia\P44Pneumonia71M.wav,pneumonia_P44Pneumonia71M,Pneumonia,asthma_detection_v2,smartphone_mic
data/processed\asthma_detection_v2\pneumonia\P45Pneumonia25T.wav,pneumonia_P45Pneumonia25T,Pneumonia,asthma_detection_v2,smartphone_mic
data/processed\asthma_detection_v2\pneumonia\P45Pneumonia29L.wav,pneumonia_P45Pneumonia29L,Pneumonia,asthma_detection_v2,smartphone_mic
data/processed\asthma_detection_v2\pneumonia\P45Pneumonia59I.wav,pneumonia_P45Pneumonia59I,Pneumonia,asthma_detection_v2,smartphone_mic
data/processed\asthma_detection_v2\pneumonia\P45Pneumonia72P.wav,pneumonia_P45Pneumonia72P,Pneumonia,asthma_detection_v2,smartphone_mic
data/processed\asthma_detection_v2\pneumonia\P46Pneumonia15W.wav,pneumonia_P46Pneumonia15W,Pneumonia,asthma_detection_v2,smartphone_mic
data/processed\asthma_detection_v2\pneumonia\P46Pneumonia22V.wav,pneumonia_P46Pneumonia22V,Pneumonia,asthma_detection_v2,smartphone_mic
data/processed\asthma_detection_v2\pneumonia\P46Pneumonia49D.wav,pneumonia_P46Pneumonia49D,Pneumonia,asthma_detection_v2,smartphone_mic
data/processed\asthma_detection_v2\pneumonia\P46Pneumonia95A.wav,pneumonia_P46Pneumonia95A,Pneumonia,asthma_detection_v2,smartphone_mic
data/processed\asthma_detection_v2\pneumonia\P46Pneumonia99Y.wav,pneumonia_P46Pneumonia99Y,Pneumonia,asthma_detection_v2,smartphone_mic
data/processed\asthma_detection_v2\pneumonia\P47Pneumonia14M.wav,pneumonia_P47Pneumonia14M,Pneumonia,asthma_detection_v2,smartphone_mic
data/processed\asthma_detection_v2\pneumonia\P47Pneumonia19A.wav,pneumonia_P47Pneumonia19A,Pneumonia,asthma_detection_v2,smartphone_mic
data/processed\asthma_detection_v2\pneumonia\P47Pneumonia24N.wav,pneumonia_P47Pneumonia24N,Pneumonia,asthma_detection_v2,smartphone_mic
data/processed\asthma_detection_v2\pneumonia\P47Pneumonia69D.wav,pneumonia_P47Pneumonia69D,Pneumonia,asthma_detection_v2,smartphone_mic
data/processed\asthma_detection_v2\pneumonia\P47Pneumonia74Q.wav,pneumonia_P47Pneumonia74Q,Pneumonia,asthma_detection_v2,smartphone_mic
data/processed\asthma_detection_v2\pneumonia\P47Pneumonia98K.wav,pneumonia_P47Pneumonia98K,Pneumonia,asthma_detection_v2,smartphone_mic
data/processed\asthma_detection_v2\pneumonia\P48Pneumonia82Z.wav,pneumonia_P48Pneumonia82Z,Pneumonia,asthma_detection_v2,smartphone_mic
data/processed\asthma_detection_v2\pneumonia\P4Pneumonia17R.wav,pneumonia_P4Pneumonia17R,Pneumonia,asthma_detection_v2,smartphone_mic
data/processed\asthma_detection_v2\pneumonia\P4Pneumonia27H.wav,pneumonia_P4Pneumonia27H,Pneumonia,asthma_detection_v2,smartphone_mic
data/processed\asthma_detection_v2\pneumonia\P4Pneumonia55U.wav,pneumonia_P4Pneumonia55U,Pneumonia,asthma_detection_v2,smartphone_mic
data/processed\asthma_detection_v2\pneumonia\P4Pneumonia67J.wav,pneumonia_P4Pneumonia67J,Pneumonia,asthma_detection_v2,smartphone_mic
data/processed\asthma_detection_v2\pneumonia\P4Pneumonia78E.wav,pneumonia_P4Pneumonia78E,Pneumonia,asthma_detection_v2,smartphone_mic
data/processed\asthma_detection_v2\pneumonia\P5Pneumonia20K.wav,pneumonia_P5Pneumonia20K,Pneumonia,asthma_detection_v2,smartphone_mic
data/processed\asthma_detection_v2\pneumonia\P5Pneumonia21J.wav,pneumonia_P5Pneumonia21J,Pneumonia,asthma_detection_v2,smartphone_mic
data/processed\asthma_detection_v2\pneumonia\P5Pneumonia38U.wav,pneumonia_P5Pneumonia38U,Pneumonia,asthma_detection_v2,smartphone_mic
data/processed\asthma_detection_v2\pneumonia\P5Pneumonia88J.wav,pneumonia_P5Pneumonia88J,Pneumonia,asthma_detection_v2,smartphone_mic
data/processed\asthma_detection_v2\pneumonia\P5Pneumonia94P.wav,pneumonia_P5Pneumonia94P,Pneumonia,asthma_detection_v2,smartphone_mic
data/processed\asthma_detection_v2\pneumonia\P5Pneumonia95V.wav,pneumonia_P5Pneumonia95V,Pneumonia,asthma_detection_v2,smartphone_mic
data/processed\asthma_detection_v2\pneumonia\P6Pneumonia15U.wav,pneumonia_P6Pneumonia15U,Pneumonia,asthma_detection_v2,smartphone_mic
data/processed\asthma_detection_v2\pneumonia\P6Pneumonia17Q.wav,pneumonia_P6Pneumonia17Q,Pneumonia,asthma_detection_v2,smartphone_mic
data/processed\asthma_detection_v2\pneumonia\P6Pneumonia32L.wav,pneumonia_P6Pneumonia32L,Pneumonia,asthma_detection_v2,smartphone_mic
data/processed\asthma_detection_v2\pneumonia\P6Pneumonia37H.wav,pneumonia_P6Pneumonia37H,Pneumonia,asthma_detection_v2,smartphone_mic
data/processed\asthma_detection_v2\pneumonia\P6Pneumonia84M.wav,pneumonia_P6Pneumonia84M,Pneumonia,asthma_detection_v2,smartphone_mic
data/processed\asthma_detection_v2\pneumonia\P7Pneumonia22X.wav,pneumonia_P7Pneumonia22X,Pneumonia,asthma_detection_v2,smartphone_mic
data/processed\asthma_detection_v2\pneumonia\P7Pneumonia34I.wav,pneumonia_P7Pneumonia34I,Pneumonia,asthma_detection_v2,smartphone_mic
data/processed\asthma_detection_v2\pneumonia\P7Pneumonia61Q.wav,pneumonia_P7Pneumonia61Q,Pneumonia,asthma_detection_v2,smartphone_mic
data/processed\asthma_detection_v2\pneumonia\P7Pneumonia76F.wav,pneumonia_P7Pneumonia76F,Pneumonia,asthma_detection_v2,smartphone_mic
data/processed\asthma_detection_v2\pneumonia\P8Pneumonia11O.wav,pneumonia_P8Pneumonia11O,Pneumonia,asthma_detection_v2,smartphone_mic
data/processed\asthma_detection_v2\pneumonia\P8Pneumonia14Z.wav,pneumonia_P8Pneumonia14Z,Pneumonia,asthma_detection_v2,smartphone_mic
data/processed\asthma_detection_v2\pneumonia\P8Pneumonia16Z.wav,pneumonia_P8Pneumonia16Z,Pneumonia,asthma_detection_v2,smartphone_mic
data/processed\asthma_detection_v2\pneumonia\P8Pneumonia23N.wav,pneumonia_P8Pneumonia23N,Pneumonia,asthma_detection_v2,smartphone_mic
data/processed\asthma_detection_v2\pneumonia\P9Pneumonia31T.wav,pneumonia_P9Pneumonia31T,Pneumonia,asthma_detection_v2,smartphone_mic
data/processed\asthma_detection_v2\pneumonia\P9Pneumonia67I.wav,pneumonia_P9Pneumonia67I,Pneumonia,asthma_detection_v2,smartphone_mic
data/processed\asthma_detection_v2\pneumonia\P9Pneumonia74S.wav,pneumonia_P9Pneumonia74S,Pneumonia,asthma_detection_v2,smartphone_mic
data/processed\asthma_detection_v2\pneumonia\P9Pneumonia74V.wav,pneumonia_P9Pneumonia74V,Pneumonia,asthma_detection_v2,smartphone_mic
